,point,hour,sum,error,timestamp
0,0101000020E610000000000000000000000000000000000000,1580810400,7.408419485382758,0.3498155739872156,2020-02-04 10:00:00
1,0101000020E610000000000000000000000000000000000000,1580832000,10.281830084023749,0.3616253026544046,2020-02-04 16:00:00
2,0101000020E610000000000000000000000000000000000000,1580918400,10.644900508917514,0.12730034347876557,2020-02-05 16:00:00
3,0101000020E610000000000000000000000000000000000000,1580947200,7.359218766987494,0.184696067615869,2020-02-06 00:00:00
4,0101000020E610000000000000000000000000000000000000,1581166800,8.84349513878675,0.4346126818037742,2020-02-08 13:00:00
5,0101000020E610000000000000000000000000000000000000,1581170400,10.161661733078953,0.21272718870794136,2020-02-08 14:00:00
6,0101000020E610000000000000000000000000000000000000,1581184800,9.872375741922871,0.5193911163959006,2020-02-08 18:00:00
7,0101000020E610000000000000000000000000000000000000,1581357600,10.148560135527156,0.18243374821138345,2020-02-10 18:00:00
8,0101000020E610000000000000000000000000000000000000,1581606000,9.51228965435825,0.0512716037214337,2020-02-13 15:00:00
9,0101000020E610000000000000000000000000000000000000,1581706800,9.082775151804007,0.11921192958178076,2020-02-14 19:00:00
10,0101000020E610000000000000000000000000000000000000,1581714000,8.779932027180662,0.5945453742305978,2020-02-14 21:00:00
11,0101000020E610000000000000000000000000000000000000,1581764400,7.836406058177744,0.2760951800812339,2020-02-15 11:00:00
12,0101000020E610000000000000000000000000000000000000,1581789600,9.248973496363687,1.2705222377657726,2020-02-15 18:00:00
13,0101000020E610000000000000000000000000000000000000,1581937200,7.656306353072271,0.8285579696510151,2020-02-17 11:00:00
14,0101000020E610000000000000000000000000000000000000,1581958800,9.218713490870504,0.02372494720517144,2020-02-17 17:00:00
15,0101000020E610000000000000000000000000000000000000,1582275600,7.531588578649551,0.20335531643234975,2020-02-21 09:00:00
16,0101000020E610000000000000000000000000000000000000,1582286400,8.428975167020363,0.28816969072635246,2020-02-21 12:00:00
17,0101000020E610000000000000000000000000000000000000,1582304400,8.970768224952257,0.7835707710623805,2020-02-21 17:00:00
18,0101000020E610000000000000000000000000000000000000,1582491600,8.691700424463944,0.840836570363824,2020-02-23 21:00:00
19,0101000020E610000000000000000000000000000000000000,1582574400,8.738495306417574,0.4876703075474293,2020-02-24 20:00:00
20,0101000020E610000000000000000000000000000000000000,1582884000,8.068852372536297,0.008533105992947312,2020-02-28 10:00:00
21,0101000020E610000000000000000000000000000000000000,1582927200,8.204258324583364,0.09699129938805846,2020-02-28 22:00:00
22,0101000020E610000000000000000000000000000000000000,1582977600,8.195958541895214,0.14592052116684615,2020-02-29 12:00:00
23,0101000020E61000000C830D47F15C3E400A41C338F1F64D40,1582120800,2.7620640120068645,1.1722885399895244,2020-02-19 14:00:00
24,0101000020E61000000C830D47F15C3E400A41C338F1F64D40,1582711200,2.762065471284515,1.8963831897437071,2020-02-26 10:00:00
25,0101000020E61000000C830D47F15C3E40CAE971F73AF74D40,1580846400,2.1845726850234226,3.119798833749267,2020-02-04 20:00:00
26,0101000020E61000000C830D47F15C3E40CAE971F73AF74D40,1581015600,2.0894786309505333,2.350118013322587,2020-02-06 19:00:00
27,0101000020E61000000C830D47F15C3E40CAE971F73AF74D40,1581429600,1.7409404122409322,5.318424181928686,2020-02-11 14:00:00
28,0101000020E61000000C830D47F15C3E40CAE971F73AF74D40,1582286400,1.6561400191319056,2.019068401366713,2020-02-21 12:00:00
29,0101000020E61000000C830D47F15C3E40CAE971F73AF74D40,1583013600,1.8748365986064988,2.200278896016641,2020-02-29 22:00:00
30,0101000020E61000000FD8C18EA45A3E408991431816F74D40,1580565600,3.4803586730424967,0.723960247681845,2020-02-01 14:00:00
31,0101000020E61000000FD8C18EA45A3E408991431816F74D40,1580677200,2.205914049720913,1.2666340969325562,2020-02-02 21:00:00
32,0101000020E61000000FD8C18EA45A3E408991431816F74D40,1581530400,3.0168503281476307,0.6573576598578023,2020-02-12 18:00:00
33,0101000020E61000000FD8C18EA45A3E40CAE971F73AF74D40,1581264000,6.15629991036296,1.7613989323982955,2020-02-09 16:00:00
34,0101000020E61000000FD8C18EA45A3E40CAE971F73AF74D40,1581271200,5.950966244282604,1.352559134989299,2020-02-09 18:00:00
35,0101000020E61000000FD8C18EA45A3E40CAE971F73AF74D40,1581454800,6.074874456633567,1.963024195560878,2020-02-11 21:00:00
36,0101000020E61000000FD8C18EA45A3E40CAE971F73AF74D40,1581789600,5.831902435682333,1.0576475913894465,2020-02-15 18:00:00
37,0101000020E61000000FD8C18EA45A3E40CAE971F73AF74D40,1582128000,4.870942123126108,1.4635891161643602,2020-02-19 16:00:00
38,0101000020E61000000FD8C18EA45A3E40CAE971F73AF74D40,1582369200,5.086359075966313,1.162647157959489,2020-02-22 11:00:00
39,0101000020E61000000FD8C18EA45A3E40CAE971F73AF74D40,1582542000,4.7909988113197155,2.965770134425542,2020-02-24 11:00:00
40,0101000020E61000000FD8C18EA45A3E40CAE971F73AF74D40,1582905600,4.046104680704874,4.437328427243599,2020-02-28 16:00:00
41,0101000020E6100000132D76D657583E408991431816F74D40,1581800400,1.4446401388724006,2.461069553212539,2020-02-15 21:00:00
42,0101000020E61000001868CE7F1F343E40975BBA5723FE4D40,1582794000,0.4793050053244568,9.431770885879528,2020-02-27 09:00:00
43,0101000020E6100000199C86BCF6773E401FBF4913EFF54D40,1580662800,7.4552143807173135,0.34134305055863956,2020-02-02 17:00:00
44,0101000020E6100000199C86BCF6773E401FBF4913EFF54D40,1580673600,7.466854469068588,0.19644878243509717,2020-02-02 20:00:00
45,0101000020E6100000199C86BCF6773E401FBF4913EFF54D40,1580684400,7.4685051620269505,0.20506042437512384,2020-02-02 23:00:00
46,0101000020E6100000199C86BCF6773E401FBF4913EFF54D40,1580731200,7.457909060828006,0.061399120999360485,2020-02-03 12:00:00
47,0101000020E6100000199C86BCF6773E401FBF4913EFF54D40,1580839200,7.459922515039031,0.19570210174379973,2020-02-04 18:00:00
48,0101000020E6100000199C86BCF6773E401FBF4913EFF54D40,1581429600,7.459878508906437,0.8767061666333085,2020-02-11 14:00:00
49,0101000020E6100000199C86BCF6773E401FBF4913EFF54D40,1581436800,7.4598785088164945,1.0107566071313594,2020-02-11 16:00:00
50,0101000020E6100000199C86BCF6773E401FBF4913EFF54D40,1581465600,7.459878509047085,3.2896140950809714,2020-02-12 00:00:00
51,0101000020E6100000199C86BCF6773E401FBF4913EFF54D40,1581541200,7.459878509008789,0.47455484519165386,2020-02-12 21:00:00
52,0101000020E6100000199C86BCF6773E401FBF4913EFF54D40,1581775200,7.459878509025586,0.06164691669833314,2020-02-15 14:00:00
53,0101000020E6100000199C86BCF6773E401FBF4913EFF54D40,1581847200,7.459878509025543,1.8150592499050167,2020-02-16 10:00:00
54,0101000020E6100000199C86BCF6773E401FBF4913EFF54D40,1581951600,7.459878509025532,0.07240352377334135,2020-02-17 15:00:00
55,0101000020E6100000199C86BCF6773E401FBF4913EFF54D40,1582117200,7.459878509025533,0.4745548451883442,2020-02-19 13:00:00
56,0101000020E6100000199C86BCF6773E401FBF4913EFF54D40,1582290000,7.459878509025533,0.4745548451883442,2020-02-21 13:00:00
57,0101000020E6100000199C86BCF6773E401FBF4913EFF54D40,1582567200,7.459878509025533,3.289614095093365,2020-02-24 18:00:00
58,0101000020E6100000199C86BCF6773E401FBF4913EFF54D40,1582747200,7.459878509025533,0.32974779764166173,2020-02-26 20:00:00
59,0101000020E6100000199C86BCF6773E401FBF4913EFF54D40,1582822800,7.459878509025533,0.1956973571699941,2020-02-27 17:00:00
60,0101000020E6100000199C86BCF6773E401FBF4913EFF54D40,1582826400,7.459878509025533,0.32974779764166173,2020-02-27 18:00:00
61,0101000020E6100000199C86BCF6773E401FBF4913EFF54D40,1582984800,7.459878509025533,2.753412333206694,2020-02-29 14:00:00
62,0101000020E6100000199C86BCF6773E406A1274D638F64D40,1582477200,1.7804942103429873,5.178059965654707,2020-02-23 17:00:00
63,0101000020E6100000199C86BCF6773E406A1274D638F64D40,1582491600,1.121752211465065,7.914624725312104,2020-02-23 21:00:00
64,0101000020E61000001CD7DE65BE533E40A554BF083DF84D40,1580644800,1.099863260975616,5.364427514190048,2020-02-02 12:00:00
65,0101000020E61000002012370F862F3E40A08C1570AEEA4D40,1580904000,2.6349643160059677,1.2770706850006583,2020-02-05 12:00:00
66,0101000020E61000002012370F862F3E40A08C1570AEEA4D40,1581940800,2.6488929736281595,2.0201295709741296,2020-02-17 12:00:00
67,0101000020E61000002012370F862F3E40A08C1570AEEA4D40,1582473600,2.7893197230795765,3.3021242422332566,2020-02-23 16:00:00
68,0101000020E61000002012370F862F3E40A08C1570AEEA4D40,1582578000,2.510155751423716,1.390289923880981,2020-02-24 21:00:00
69,0101000020E61000002012370F862F3E40A08C1570AEEA4D40,1583002800,2.67509211511606,0.8690945151931985,2020-02-29 19:00:00
70,0101000020E6100000202C93AD71513E4009249E9F54F24D40,1582581600,1.2379448721902215,3.0389520667053618,2020-02-24 22:00:00
71,0101000020E6100000202C93AD71513E401E66D608FBFB4D40,1580850000,1.6013921033647727,2.122283411722979,2020-02-04 21:00:00
72,0101000020E6100000202C93AD71513E401E66D608FBFB4D40,1581512400,1.6603561222524872,2.0114021522183174,2020-02-12 13:00:00
73,0101000020E6100000202C93AD71513E401E66D608FBFB4D40,1581602400,1.677526344370603,2.5766949473757212,2020-02-13 14:00:00
74,0101000020E6100000202C93AD71513E401E66D608FBFB4D40,1582401600,1.4799465416426874,2.3785004115420145,2020-02-22 20:00:00
75,0101000020E6100000202C93AD71513E4041010E3DD6EB4D40,1581598800,0.8815860166330658,4.671596311266247,2020-02-13 13:00:00
76,0101000020E6100000202C93AD71513E4041010E3DD6EB4D40,1582898400,0.9384056947385546,11.787646182542904,2020-02-28 14:00:00
77,0101000020E6100000202C93AD71513E4054F844A221FD4D40,1580925600,1.0451048184954417,4.74105093940505,2020-02-05 18:00:00
78,0101000020E6100000202C93AD71513E4070B5CC78A7F64D40,1580594400,2.481261785764201,1.8211452899332334,2020-02-01 22:00:00
79,0101000020E6100000202C93AD71513E4070B5CC78A7F64D40,1580738400,1.9335831419985463,2.103047326839236,2020-02-03 14:00:00
80,0101000020E6100000202C93AD71513E4070B5CC78A7F64D40,1581440400,1.9654246947033895,2.0527753193339646,2020-02-11 17:00:00
81,0101000020E6100000202C93AD71513E4070B5CC78A7F64D40,1581512400,1.9961051485723469,4.510731740693827,2020-02-12 13:00:00
82,0101000020E6100000202C93AD71513E4070B5CC78A7F64D40,1581678000,1.9703193606470202,2.552723553252462,2020-02-14 11:00:00
83,0101000020E6100000202C93AD71513E4070B5CC78A7F64D40,1581894000,1.9813513779682452,3.0376482884138962,2020-02-16 23:00:00
84,0101000020E6100000202C93AD71513E4070B5CC78A7F64D40,1582297200,1.9745528835190562,1.5322188338095961,2020-02-21 15:00:00
85,0101000020E6100000202C93AD71513E4070B5CC78A7F64D40,1582459200,1.9785020357145524,1.5271644454963669,2020-02-23 12:00:00
86,0101000020E6100000202C93AD71513E407A441D895BF54D40,1580598000,1.408790583484855,3.258972249202645,2020-02-01 23:00:00
87,0101000020E6100000202C93AD71513E407A441D895BF54D40,1580835600,1.9257364711577551,5.231382216480319,2020-02-04 17:00:00
88,0101000020E6100000202C93AD71513E407A441D895BF54D40,1581418800,1.288692115491716,2.8799026857491015,2020-02-11 11:00:00
89,0101000020E6100000202C93AD71513E407A441D895BF54D40,1581534000,1.340661322177026,4.221303758232605,2020-02-12 19:00:00
90,0101000020E6100000202C93AD71513E40CEB8CE2B18F84D40,1580572800,4.037881725766504,1.2288914364601764,2020-02-01 16:00:00
91,0101000020E6100000202C93AD71513E40CEB8CE2B18F84D40,1581120000,1.8172201388794964,2.852037433569398,2020-02-08 00:00:00
92,0101000020E6100000202C93AD71513E40CEB8CE2B18F84D40,1581782400,3.3229965227374922,2.6111984824210324,2020-02-15 16:00:00
93,0101000020E6100000202C93AD71513E40CEB8CE2B18F84D40,1581897600,2.0830302471678044,2.84055872970506,2020-02-17 00:00:00
94,0101000020E6100000202C93AD71513E40CEB8CE2B18F84D40,1582218000,3.3100920126988718,3.833702488818266,2020-02-20 17:00:00
95,0101000020E6100000202C93AD71513E40CEB8CE2B18F84D40,1582830000,2.9714111759656645,1.6923234538216065,2020-02-27 19:00:00
96,0101000020E6100000202C93AD71513E40FC619B9199F04D40,1581462000,0.8142072097604496,11.281885839529878,2020-02-11 23:00:00
97,0101000020E6100000268147F5244F3E40494A4ED65FF74D40,1581015600,2.665770309441305,0.8756304630941384,2020-02-06 19:00:00
98,0101000020E6100000268147F5244F3E40494A4ED65FF74D40,1581800400,3.1060631732747823,1.2536566738981567,2020-02-15 21:00:00
99,0101000020E6100000268147F5244F3E407AB3D8B484F74D40,1581667200,1.679238977398635,2.573047124772437,2020-02-14 08:00:00
100,0101000020E6100000268147F5244F3E407AB3D8B484F74D40,1582210800,2.608194923441187,1.6838484873532285,2020-02-20 15:00:00
101,0101000020E6100000268147F5244F3E40DB251193A9F74D40,1581012000,1.6077233751498872,2.109987748690817,2020-02-06 18:00:00
102,0101000020E6100000269BA39310713E40749A73B54FF04D40,1580583600,0.8313666211623175,5.014193825835343,2020-02-01 19:00:00
103,0101000020E6100000269BA39310713E40749A73B54FF04D40,1580648400,0.8144389396228561,6.3670347868907555,2020-02-02 13:00:00
104,0101000020E610000029D6FB3CD84C3E403DF3BDF394004E40,1580925600,3.6592029477848955,0.3664177886134351,2020-02-05 18:00:00
105,0101000020E610000029D6FB3CD84C3E403DF3BDF394004E40,1581091200,3.88248734115338,0.5454010464893274,2020-02-07 16:00:00
106,0101000020E610000029D6FB3CD84C3E403DF3BDF394004E40,1581170400,3.5973543252753,0.3899103474099281,2020-02-08 14:00:00
107,0101000020E610000029D6FB3CD84C3E403DF3BDF394004E40,1581501600,1.889587823188731,1.6460797104219074,2020-02-12 10:00:00
108,0101000020E610000029D6FB3CD84C3E403DF3BDF394004E40,1581526800,3.6336418425905324,0.9264419288527044,2020-02-12 17:00:00
109,0101000020E610000029D6FB3CD84C3E403DF3BDF394004E40,1581760800,1.8866005784443844,2.1803234179793165,2020-02-15 10:00:00
110,0101000020E610000029D6FB3CD84C3E403DF3BDF394004E40,1582567200,3.131284329075321,0.596788881026501,2020-02-24 18:00:00
111,0101000020E610000029D6FB3CD84C3E4070B5CC78A7F64D40,1582999200,0.6818600720369397,12.199189055188475,2020-02-29 18:00:00
112,0101000020E610000029D6FB3CD84C3E408F0FCDBE88F94D40,1580752800,20.89118670052948,0.13839265054561045,2020-02-03 18:00:00
113,0101000020E610000029D6FB3CD84C3E408F0FCDBE88F94D40,1580770800,15.380595026085423,0.024745143178136843,2020-02-03 23:00:00
114,0101000020E610000029D6FB3CD84C3E408F0FCDBE88F94D40,1580994000,22.42893977006618,0.42039168443664504,2020-02-06 13:00:00
115,0101000020E610000029D6FB3CD84C3E408F0FCDBE88F94D40,1581181200,23.43512215670406,0.3172640666000157,2020-02-08 17:00:00
116,0101000020E610000029D6FB3CD84C3E408F0FCDBE88F94D40,1581433200,23.526865164926736,0.3199263953001099,2020-02-11 15:00:00
117,0101000020E610000029D6FB3CD84C3E408F0FCDBE88F94D40,1581530400,22.637513627924193,0.20485967249528905,2020-02-12 18:00:00
118,0101000020E610000029D6FB3CD84C3E408F0FCDBE88F94D40,1581631200,19.78535526415275,0.5451180997337831,2020-02-13 22:00:00
119,0101000020E610000029D6FB3CD84C3E408F0FCDBE88F94D40,1581897600,19.752150319765846,0.6962356045865123,2020-02-17 00:00:00
120,0101000020E610000029D6FB3CD84C3E408F0FCDBE88F94D40,1581962400,22.68244058734675,0.5150433676816825,2020-02-17 18:00:00
121,0101000020E610000029D6FB3CD84C3E408F0FCDBE88F94D40,1582034400,22.69913756581326,0.16296379345197945,2020-02-18 14:00:00
122,0101000020E610000029D6FB3CD84C3E408F0FCDBE88F94D40,1582156800,18.638668016833368,0.7317404872770796,2020-02-20 00:00:00
123,0101000020E610000029D6FB3CD84C3E408F0FCDBE88F94D40,1582243200,18.75873920808742,0.5202236194999796,2020-02-21 00:00:00
124,0101000020E610000029D6FB3CD84C3E408F0FCDBE88F94D40,1582282800,21.2842046594966,0.013352843765754336,2020-02-21 11:00:00
125,0101000020E610000029D6FB3CD84C3E408F0FCDBE88F94D40,1582308000,22.472120517117173,0.02100916630264398,2020-02-21 18:00:00
126,0101000020E610000029D6FB3CD84C3E408F0FCDBE88F94D40,1582365600,20.239400364633518,0.6047313726754839,2020-02-22 10:00:00
127,0101000020E610000029D6FB3CD84C3E408F0FCDBE88F94D40,1582408800,20.0943135201748,0.4525814485299067,2020-02-22 22:00:00
128,0101000020E610000029D6FB3CD84C3E408F0FCDBE88F94D40,1582473600,22.433696674157094,0.025243424392702492,2020-02-23 16:00:00
129,0101000020E610000029D6FB3CD84C3E40975BBA5723FE4D40,1580688000,1.227537823261283,3.8878330967101227,2020-02-03 00:00:00
130,0101000020E610000029D6FB3CD84C3E40975BBA5723FE4D40,1581253200,1.206403724105321,5.631279264271889,2020-02-09 13:00:00
131,0101000020E610000029D6FB3CD84C3E40975BBA5723FE4D40,1581879600,1.2059587854326723,3.1460786723371363,2020-02-16 19:00:00
132,0101000020E610000029D6FB3CD84C3E40D4F7F058CCF64D40,1581004800,3.4687713798549837,0.4414325570827995,2020-02-06 16:00:00
133,0101000020E610000029D6FB3CD84C3E40D4F7F058CCF64D40,1582556400,3.3421555972701675,0.7952485530298852,2020-02-24 15:00:00
134,0101000020E610000029D6FB3CD84C3E40D4F7F058CCF64D40,1582740000,3.0940865770335573,0.6159858089018728,2020-02-26 18:00:00
135,0101000020E610000029D6FB3CD84C3E40D4F7F058CCF64D40,1582916400,2.976744694866239,1.015624655465998,2020-02-28 19:00:00
136,0101000020E61000002D2BB0848B4A3E401893C931F9FA4D40,1580986800,1.3943533928393084,4.020248120704872,2020-02-06 11:00:00
137,0101000020E61000002D2BB0848B4A3E401893C931F9FA4D40,1581019200,1.0897259314675478,3.5883096433856867,2020-02-06 20:00:00
138,0101000020E61000002D2BB0848B4A3E401893C931F9FA4D40,1582164000,0.5868540474492413,9.224007188974797,2020-02-20 02:00:00
139,0101000020E61000002D2BB0848B4A3E402B348A98ADF94D40,1582293600,2.691787923362033,3.0865032139162882,2020-02-21 14:00:00
140,0101000020E61000002D450C23776C3E407F614299EAF34D40,1581332400,1.6671063674526687,6.198100993601235,2020-02-10 11:00:00
141,0101000020E61000002D450C23776C3E407F614299EAF34D40,1581847200,1.667109941355963,2.5990427812576247,2020-02-16 10:00:00
142,0101000020E61000002D450C23776C3E407F614299EAF34D40,1582221600,1.6671099412987838,1.9992023178175549,2020-02-20 18:00:00
143,0101000020E61000002D450C23776C3E407F614299EAF34D40,1582228800,1.6671099412989832,1.999202317817196,2020-02-20 20:00:00
144,0101000020E6100000328064CC3E483E400C288C4EF3F74D40,1580590800,9.797359209122831,1.5517080129838658,2020-02-01 21:00:00
145,0101000020E6100000328064CC3E483E400C288C4EF3F74D40,1581595200,5.461612891300514,1.1971531558221753,2020-02-13 12:00:00
146,0101000020E610000036D51814F2453E403DF3BDF394004E40,1581282000,0.95710115678476,4.224108198549003,2020-02-09 21:00:00
147,0101000020E610000036D51814F2453E403DF3BDF394004E40,1583020800,0.9571011571315852,5.26892983598713,2020-03-01 00:00:00
148,0101000020E61000003F7F81A358413E400D42027446FD4D40,1580756400,4.905090197363298,1.0386984943468403,2020-02-03 19:00:00
149,0101000020E61000003F7F81A358413E400D42027446FD4D40,1581087600,5.165528842000754,0.7423191845956374,2020-02-07 15:00:00
150,0101000020E61000003F7F81A358413E400D42027446FD4D40,1582030800,5.6205592002916,0.1104088006509041,2020-02-18 13:00:00
151,0101000020E610000043EE9189F7603E40C27FCF284DEF4D40,1580731200,2.28815776108366,1.622196817914526,2020-02-03 12:00:00
152,0101000020E610000043EE9189F7603E40C27FCF284DEF4D40,1580950800,2.211196208328316,1.7134634083585252,2020-02-06 01:00:00
153,0101000020E610000043EE9189F7603E40C27FCF284DEF4D40,1581001200,2.2026829201614695,2.631934459006725,2020-02-06 15:00:00
154,0101000020E610000043EE9189F7603E40C27FCF284DEF4D40,1581444000,2.181643477557348,1.2918501814962875,2020-02-11 18:00:00
155,0101000020E610000043EE9189F7603E40C27FCF284DEF4D40,1582192800,2.1792721578989536,2.2120816001011696,2020-02-20 10:00:00
156,0101000020E610000043EE9189F7603E40C27FCF284DEF4D40,1582304400,2.1792758487640427,2.212076160055639,2020-02-21 17:00:00
157,0101000020E610000043EE9189F7603E40C27FCF284DEF4D40,1582560000,2.1792602902109994,1.753227793371608,2020-02-24 16:00:00
158,0101000020E61000004408EE27E3823E401F04E95BC3F24D40,1580853600,3.4206851285473,0.7540345791920596,2020-02-04 22:00:00
159,0101000020E61000004408EE27E3823E401F04E95BC3F24D40,1581595200,4.341003360460751,0.15180744745364672,2020-02-13 12:00:00
160,0101000020E61000004408EE27E3823E401F04E95BC3F24D40,1581760800,3.876835612259541,0.547653963202998,2020-02-15 10:00:00
161,0101000020E61000004408EE27E3823E401F04E95BC3F24D40,1582200000,4.180766800319788,0.43514342860287203,2020-02-20 12:00:00
162,0101000020E61000004408EE27E3823E401F04E95BC3F24D40,1582297200,4.2666603578167575,0.171876732779942,2020-02-21 15:00:00
163,0101000020E6100000474346D1AA5E3E4014A96F5908F14D40,1582552800,1.0868297078430715,4.520644086834574,2020-02-24 14:00:00
164,0101000020E61000004D98FA185E5C3E403DA1E4C62AF04D40,1582290000,1.5340564685903417,2.259332431611559,2020-02-21 13:00:00
165,0101000020E61000004D98FA185E5C3E403DA1E4C62AF04D40,1582473600,1.6361085903849975,2.056031873057665,2020-02-23 16:00:00
166,0101000020E61000004D98FA185E5C3E40477640AC8AFA4D40,1582761600,1.309462655635,5.109376212886763,2020-02-27 00:00:00
167,0101000020E61000004D98FA185E5C3E40CAE971F73AF74D40,1580562000,4.350068442088576,0.3792886433573563,2020-02-01 13:00:00
168,0101000020E61000004D98FA185E5C3E40CAE971F73AF74D40,1580583600,4.2082407764413805,1.1386608984884843,2020-02-01 19:00:00
169,0101000020E61000004D98FA185E5C3E40CAE971F73AF74D40,1580594400,4.08050241072075,1.450678615879968,2020-02-01 22:00:00
170,0101000020E61000004D98FA185E5C3E40CAE971F73AF74D40,1580893200,4.4462731625826075,0.1245372961061532,2020-02-05 09:00:00
171,0101000020E61000004D98FA185E5C3E40CAE971F73AF74D40,1581372000,4.474856296049481,1.2347086338455737,2020-02-10 22:00:00
172,0101000020E61000004D98FA185E5C3E40CAE971F73AF74D40,1581418800,4.475865794823599,1.0107841505008095,2020-02-11 11:00:00
173,0101000020E61000004D98FA185E5C3E40CAE971F73AF74D40,1581692400,4.475388179801311,0.7875544374242788,2020-02-14 15:00:00
174,0101000020E61000004D98FA185E5C3E40CAE971F73AF74D40,1582052400,4.475300372995586,0.787589509806494,2020-02-18 19:00:00
175,0101000020E61000004D98FA185E5C3E40CAE971F73AF74D40,1582232400,4.475282547897715,1.6813949446917171,2020-02-20 21:00:00
176,0101000020E61000004D98FA185E5C3E40CAE971F73AF74D40,1582322400,4.475257187758032,1.0110576046041113,2020-02-21 22:00:00
177,0101000020E61000004D98FA185E5C3E40CAE971F73AF74D40,1582585200,4.475270771718803,0.11725083353552399,2020-02-24 23:00:00
178,0101000020E61000004D98FA185E5C3E40CAE971F73AF74D40,1582909200,4.475268162649442,1.457953266757493,2020-02-28 17:00:00
179,0101000020E61000004D98FA185E5C3E40CAE971F73AF74D40,1583010000,4.475267840142426,1.6814037569689007,2020-02-29 21:00:00
180,0101000020E61000004D98FA185E5C3E40D4F7F058CCF64D40,1581199200,15.84169130555755,0.3887406070260948,2020-02-08 22:00:00
181,0101000020E61000004D98FA185E5C3E40D4F7F058CCF64D40,1581264000,14.78114058643643,0.9619595545022537,2020-02-09 16:00:00
182,0101000020E61000004D98FA185E5C3E40D4F7F058CCF64D40,1581336000,14.932813382036791,0.9420319037057763,2020-02-10 12:00:00
183,0101000020E61000004D98FA185E5C3E40D4F7F058CCF64D40,1581782400,16.456320859541908,0.7622407977774,2020-02-15 16:00:00
184,0101000020E61000004D98FA185E5C3E40D4F7F058CCF64D40,1582048800,14.698412539698886,0.7688985072215588,2020-02-18 18:00:00
185,0101000020E61000004D98FA185E5C3E40D4F7F058CCF64D40,1582210800,15.602846214094624,1.2431804761610232,2020-02-20 15:00:00
186,0101000020E61000004D98FA185E5C3E40D4F7F058CCF64D40,1582315200,14.904606820890102,0.3418669972540478,2020-02-21 20:00:00
187,0101000020E61000004D98FA185E5C3E40D4F7F058CCF64D40,1582401600,14.113210200713034,0.8422456429286667,2020-02-22 20:00:00
188,0101000020E61000004D98FA185E5C3E40D4F7F058CCF64D40,1582480800,13.983506100920593,0.6447949344038841,2020-02-23 18:00:00
189,0101000020E61000004D98FA185E5C3E40D4F7F058CCF64D40,1582570800,12.998724197949837,2.0002944447541315,2020-02-24 19:00:00
190,0101000020E61000004D98FA185E5C3E40D4F7F058CCF64D40,1582740000,14.647447740821313,1.0481383877132602,2020-02-26 18:00:00
191,0101000020E61000004D98FA185E5C3E40D4F7F058CCF64D40,1582887600,13.0500956387052,1.5287171001356878,2020-02-28 11:00:00
192,0101000020E610000050EDAE60115A3E40CAE971F73AF74D40,1580644800,10.616169403203793,0.8839186942480698,2020-02-02 12:00:00
193,0101000020E610000050EDAE60115A3E40CAE971F73AF74D40,1580666400,11.40696938059106,0.6656483739080137,2020-02-02 18:00:00
194,0101000020E610000050EDAE60115A3E40CAE971F73AF74D40,1580860800,9.661102854320495,0.3789528907337148,2020-02-05 00:00:00
195,0101000020E610000050EDAE60115A3E40CAE971F73AF74D40,1580940000,9.475867342138462,0.37190607789431446,2020-02-05 22:00:00
196,0101000020E610000050EDAE60115A3E40CAE971F73AF74D40,1581285600,9.791556916814422,0.7361896728401767,2020-02-09 22:00:00
197,0101000020E610000050EDAE60115A3E40CAE971F73AF74D40,1581426000,8.523332394669556,0.6425500440127763,2020-02-11 13:00:00
198,0101000020E610000050EDAE60115A3E40CAE971F73AF74D40,1581872400,7.74791397609275,1.5813399660492797,2020-02-16 17:00:00
199,0101000020E610000050EDAE60115A3E40CAE971F73AF74D40,1582110000,7.627986949267074,0.9664427980492623,2020-02-19 11:00:00
200,0101000020E610000051070BFFFC7B3E40E13FA02445EC4D40,1582034400,0.6535105254427144,6.650986182070746,2020-02-18 14:00:00
201,0101000020E610000051070BFFFC7B3E40EC94646534F44D40,1581256800,1.3695570114177638,2.650815525250757,2020-02-09 14:00:00
202,0101000020E61000005428070AD9353E40582A871690FD4D40,1580925600,4.900550147623361,1.448704663458997,2020-02-05 18:00:00
203,0101000020E61000005428070AD9353E40582A871690FD4D40,1581271200,4.820906561468716,0.4520090590321276,2020-02-09 18:00:00
204,0101000020E61000005428070AD9353E40582A871690FD4D40,1581282000,4.036389291843479,0.23873086525715803,2020-02-09 21:00:00
205,0101000020E61000005428070AD9353E40582A871690FD4D40,1581854400,4.240384425750349,0.4149660496732631,2020-02-16 12:00:00
206,0101000020E61000005428070AD9353E40582A871690FD4D40,1581980400,3.1708952290386465,4.6766303204086785,2020-02-17 23:00:00
207,0101000020E61000005428070AD9353E40582A871690FD4D40,1582052400,4.429599280892942,0.3545243304244189,2020-02-18 19:00:00
208,0101000020E61000005428070AD9353E40582A871690FD4D40,1582128000,4.618176433191946,0.08267842780189073,2020-02-19 16:00:00
209,0101000020E61000005428070AD9353E40582A871690FD4D40,1582149600,3.5194595412886165,1.273076279510483,2020-02-19 22:00:00
210,0101000020E61000005428070AD9353E40582A871690FD4D40,1582214400,4.825898987247111,1.279368057447644,2020-02-20 16:00:00
211,0101000020E61000005428070AD9353E40582A871690FD4D40,1582545600,4.2909116630099655,0.16525353879987056,2020-02-24 12:00:00
212,0101000020E6100000544263A8C4573E40477640AC8AFA4D40,1581519600,1.4090025652417848,3.9680534107464878,2020-02-12 15:00:00
213,0101000020E6100000544263A8C4573E40477640AC8AFA4D40,1582556400,1.41017557545361,3.2547893357676294,2020-02-24 15:00:00
214,0101000020E6100000544263A8C4573E40C27FCF284DEF4D40,1580684400,0.6880067769398293,6.267370275390881,2020-02-02 23:00:00
215,0101000020E6100000597DBB518C333E403DA1E4C62AF04D40,1581184800,1.15495770324022,5.06082801159002,2020-02-08 18:00:00
216,0101000020E6100000597DBB518C333E403DA1E4C62AF04D40,1582578000,1.1675134549700037,8.421732960056222,2020-02-24 21:00:00
217,0101000020E61000005AB1738E63773E403AAA977194EE4D40,1580670000,0.17131980081513395,34.022221432970376,2020-02-02 19:00:00
218,0101000020E61000005AB1738E63773E40AE9B3931CAF54D40,1580997600,2.424763247230542,1.4744683864921397,2020-02-06 14:00:00
219,0101000020E61000005AB1738E63773E40AE9B3931CAF54D40,1581609600,2.3595797078957026,1.1190214440600743,2020-02-13 16:00:00
220,0101000020E61000005AB1738E63773E40AE9B3931CAF54D40,1582228800,2.0165371744561322,1.9753976648698395,2020-02-20 20:00:00
221,0101000020E61000005DECCB372B533E40494A4ED65FF74D40,1580749200,2.9553128850334742,0.6918682368020623,2020-02-03 17:00:00
222,0101000020E61000005DECCB372B533E407AB3D8B484F74D40,1580565600,9.408210502166742,0.14967888971472595,2020-02-01 14:00:00
223,0101000020E61000005DECCB372B533E407AB3D8B484F74D40,1580673600,5.816713412675958,1.5787758371095857,2020-02-02 20:00:00
224,0101000020E61000005DECCB372B533E407AB3D8B484F74D40,1580814000,5.582334818001655,0.7913651412940088,2020-02-04 11:00:00
225,0101000020E61000005DECCB372B533E407AB3D8B484F74D40,1581102000,4.975566588658326,0.6078570867156698,2020-02-07 19:00:00
226,0101000020E61000005DECCB372B533E407AB3D8B484F74D40,1581159600,5.477805197325551,0.8255486713697554,2020-02-08 11:00:00
227,0101000020E61000005DECCB372B533E407AB3D8B484F74D40,1581195600,5.659681161808817,0.4135071872923711,2020-02-08 21:00:00
228,0101000020E61000005DECCB372B533E407AB3D8B484F74D40,1581454800,4.711473730953155,1.7592215816875698,2020-02-11 21:00:00
229,0101000020E61000005DECCB372B533E407AB3D8B484F74D40,1581526800,5.431931754087228,1.577351968655677,2020-02-12 17:00:00
230,0101000020E61000005DECCB372B533E407AB3D8B484F74D40,1581537600,5.078063195561841,0.7723292628311281,2020-02-12 20:00:00
231,0101000020E61000005DECCB372B533E407AB3D8B484F74D40,1581858000,4.481506759241812,1.9008100842849915,2020-02-16 13:00:00
232,0101000020E61000005DECCB372B533E407AB3D8B484F74D40,1581865200,4.809376431638628,1.2871987993362648,2020-02-16 15:00:00
233,0101000020E61000005DECCB372B533E407AB3D8B484F74D40,1581937200,4.770990512013168,1.3056008961456596,2020-02-17 11:00:00
234,0101000020E61000005DECCB372B533E407AB3D8B484F74D40,1582113600,4.655054744341034,0.9333822037089777,2020-02-19 12:00:00
235,0101000020E61000005DECCB372B533E407AB3D8B484F74D40,1582156800,4.836668829864514,0.03376935156837291,2020-02-20 00:00:00
236,0101000020E61000005DECCB372B533E407AB3D8B484F74D40,1582416000,4.487512827213513,0.5598841205645302,2020-02-23 00:00:00
237,0101000020E61000005DECCB372B533E407AB3D8B484F74D40,1582574400,4.538345423174426,3.847581651158609,2020-02-24 20:00:00
238,0101000020E61000005DECCB372B533E407AB3D8B484F74D40,1582664400,4.180608278278321,2.5879946174190174,2020-02-25 21:00:00
239,0101000020E61000005DECCB372B533E407AB3D8B484F74D40,1583006400,4.170171414763909,4.03576421958398,2020-02-29 20:00:00
240,0101000020E61000005DECCB372B533E407AB3D8B484F74D40,1583017200,4.0947968066953715,5.349521411535634,2020-02-29 23:00:00
241,0101000020E61000005DECCB372B533E40E4A1F770CEF74D40,1580932800,2.475291458700072,1.4239569764244933,2020-02-05 20:00:00
242,0101000020E61000005DECCB372B533E40E4A1F770CEF74D40,1581969600,2.422529995508676,1.8895411049513797,2020-02-17 20:00:00
243,0101000020E61000005DECCB372B533E40E4A1F770CEF74D40,1582286400,2.4225302963251187,1.0639576758172227,2020-02-21 12:00:00
244,0101000020E61000005DECCB372B533E40E4A1F770CEF74D40,1582293600,2.4225302142796408,1.4767492948624168,2020-02-21 14:00:00
245,0101000020E61000005DECCB372B533E40E4A1F770CEF74D40,1582822800,2.422530297353011,1.8895407449180643,2020-02-27 17:00:00
246,0101000020E61000006141807FDE503E401E66D608FBFB4D40,1581426000,2.880017982983682,1.0833203248904837,2020-02-11 13:00:00
247,0101000020E61000006141807FDE503E402B348A98ADF94D40,1580796000,10.967955540059398,0.544126525519001,2020-02-04 06:00:00
248,0101000020E61000006141807FDE503E402B348A98ADF94D40,1580839200,10.877948626866672,0.9305110476559516,2020-02-04 18:00:00
249,0101000020E61000006141807FDE503E402B348A98ADF94D40,1581058800,10.553981745551006,0.2419922458770244,2020-02-07 07:00:00
250,0101000020E61000006141807FDE503E402B348A98ADF94D40,1581372000,10.713557923017335,0.30675543088463375,2020-02-10 22:00:00
251,0101000020E61000006141807FDE503E402B348A98ADF94D40,1581584400,10.798274690569798,0.018681253738281917,2020-02-13 09:00:00
252,0101000020E61000006141807FDE503E402B348A98ADF94D40,1581678000,10.814378260721647,0.3527135974682572,2020-02-14 11:00:00
253,0101000020E61000006141807FDE503E402B348A98ADF94D40,1581710400,10.786479299902755,0.16562209505365305,2020-02-14 20:00:00
254,0101000020E61000006141807FDE503E402B348A98ADF94D40,1581951600,10.805809987746416,0.20305650522651736,2020-02-17 15:00:00
255,0101000020E61000006141807FDE503E402B348A98ADF94D40,1582102800,10.807752985310554,0.25979063262518437,2020-02-19 09:00:00
256,0101000020E61000006141807FDE503E402B348A98ADF94D40,1582113600,10.803553840995292,0.01818347572437424,2020-02-19 12:00:00
257,0101000020E61000006141807FDE503E402B348A98ADF94D40,1582390800,10.81027051798021,0.017550854227396176,2020-02-22 17:00:00
258,0101000020E61000006141807FDE503E402B348A98ADF94D40,1582419600,10.805631955679168,0.3521896702838397,2020-02-23 01:00:00
259,0101000020E61000006141807FDE503E406379569882F64D40,1582491600,1.3206764067094543,5.057502018933228,2020-02-23 21:00:00
260,0101000020E61000006141807FDE503E406379569882F64D40,1582639200,1.5800396833259671,2.164477482916791,2020-02-25 14:00:00
261,0101000020E61000006141807FDE503E408F0FCDBE88F94D40,1582509600,4.897454419686256,6.350757539527291,2020-02-24 02:00:00
262,0101000020E61000006141807FDE503E40A554BF083DF84D40,1580839200,3.4801923136469393,1.2987235414058755,2020-02-04 18:00:00
263,0101000020E61000006141807FDE503E40A554BF083DF84D40,1581426000,3.1387524835512486,1.5487833277470278,2020-02-11 13:00:00
264,0101000020E61000006141807FDE503E40A554BF083DF84D40,1581703200,3.0775192700522638,2.2493703930016906,2020-02-14 18:00:00
265,0101000020E61000006141807FDE503E40A554BF083DF84D40,1581868800,3.0676032920965484,1.9338865371502993,2020-02-16 16:00:00
266,0101000020E61000006141807FDE503E40A554BF083DF84D40,1581890400,3.053424854354867,2.930013205625583,2020-02-16 22:00:00
267,0101000020E61000006141807FDE503E40A554BF083DF84D40,1581966000,3.0419925211847825,1.301123343088848,2020-02-17 19:00:00
268,0101000020E61000006141807FDE503E40A554BF083DF84D40,1582200000,3.0317528984293824,1.308895294080989,2020-02-20 12:00:00
269,0101000020E61000006141807FDE503E40A554BF083DF84D40,1582455600,3.0029487416132965,1.9970541538996975,2020-02-23 11:00:00
270,0101000020E61000006141807FDE503E40A554BF083DF84D40,1582736400,2.9662872216237854,1.359852393581801,2020-02-26 17:00:00
271,0101000020E61000006141807FDE503E40A554BF083DF84D40,1582826400,2.9674389847303457,0.6849546109384808,2020-02-27 18:00:00
272,0101000020E61000006141807FDE503E40D15705CA91ED4D40,1582293600,1.6190644491221677,2.0882031921032693,2020-02-21 14:00:00
273,0101000020E6100000669634C7914E3E40516FA59DABF84D40,1581793200,2.249198764500347,2.5568221565234484,2020-02-15 19:00:00
274,0101000020E6100000669634C7914E3E40516FA59DABF84D40,1582585200,2.142561835760732,2.733847894830789,2020-02-24 23:00:00
275,0101000020E6100000669634C7914E3E407AB3D8B484F74D40,1580763600,20.380259382244716,0.717348113365623,2020-02-03 21:00:00
276,0101000020E6100000669634C7914E3E407AB3D8B484F74D40,1581030000,20.489281936627787,0.8058221910576929,2020-02-06 23:00:00
277,0101000020E6100000669634C7914E3E407AB3D8B484F74D40,1581318000,20.420498307472144,0.5102959854637406,2020-02-10 07:00:00
278,0101000020E6100000669634C7914E3E407AB3D8B484F74D40,1581379200,20.431194520855588,0.0767848143946268,2020-02-11 00:00:00
279,0101000020E6100000669634C7914E3E407AB3D8B484F74D40,1581620400,20.42647283380804,0.7134627345975846,2020-02-13 19:00:00
280,0101000020E6100000669634C7914E3E407AB3D8B484F74D40,1581768000,20.426075978964537,0.32183979085388265,2020-02-15 12:00:00
281,0101000020E6100000669634C7914E3E407AB3D8B484F74D40,1581987600,20.425968495331862,0.8114196155964872,2020-02-18 01:00:00
282,0101000020E6100000669634C7914E3E407AB3D8B484F74D40,1582790400,20.425942655933518,0.31459711623477266,2020-02-27 08:00:00
283,0101000020E6100000669634C7914E3E407AB3D8B484F74D40,1582948800,20.42594269766048,0.7552132562981936,2020-02-29 04:00:00
284,0101000020E6100000669634C7914E3E407AB3D8B484F74D40,1583024400,20.42594267943044,0.11876772188700213,2020-03-01 01:00:00
285,0101000020E61000006AEBE80E454C3E401893C931F9FA4D40,1581595200,1.372471003644073,4.100289901509155,2020-02-13 12:00:00
286,0101000020E61000006AEBE80E454C3E401893C931F9FA4D40,1581674400,1.395850562547822,3.2984544054976084,2020-02-14 10:00:00
287,0101000020E61000006AEBE80E454C3E401893C931F9FA4D40,1581699600,1.3925164917141108,9.05374089520963,2020-02-14 17:00:00
288,0101000020E61000006AEBE80E454C3E401893C931F9FA4D40,1582120800,1.3727080165534267,3.370922241034699,2020-02-19 14:00:00
289,0101000020E61000006AEBE80E454C3E401893C931F9FA4D40,1582646400,1.2783434796229138,2.9113118498284214,2020-02-25 16:00:00
290,0101000020E61000006AEBE80E454C3E407F614299EAF34D40,1580670000,1.4483191156065587,3.8331889875446317,2020-02-02 19:00:00
291,0101000020E61000006AEBE80E454C3E407F614299EAF34D40,1582488000,1.3237601436414206,2.7771193097307796,2020-02-23 20:00:00
292,0101000020E61000006E409D56F8493E400A41C338F1F64D40,1580565600,16.551413340651003,0.5104450287999814,2020-02-01 14:00:00
293,0101000020E61000006E409D56F8493E400A41C338F1F64D40,1580986800,11.124003785366954,0.7080181170913936,2020-02-06 11:00:00
294,0101000020E61000006E409D56F8493E400A41C338F1F64D40,1581026400,10.501134222686511,1.1902395981484652,2020-02-06 22:00:00
295,0101000020E61000006E409D56F8493E400A41C338F1F64D40,1581087600,11.074653684072555,0.8059255458943859,2020-02-07 15:00:00
296,0101000020E61000006E409D56F8493E400A41C338F1F64D40,1581246000,11.101171596740137,0.26112815012346124,2020-02-09 11:00:00
297,0101000020E61000006E409D56F8493E400A41C338F1F64D40,1581289200,10.984513512892404,0.18348436503282933,2020-02-09 23:00:00
298,0101000020E61000006E409D56F8493E400A41C338F1F64D40,1581462000,10.959854965607489,0.18614708322277773,2020-02-11 23:00:00
299,0101000020E61000006E409D56F8493E400A41C338F1F64D40,1581678000,11.15713182504052,1.1510904752541848,2020-02-14 11:00:00
300,0101000020E61000006E409D56F8493E400A41C338F1F64D40,1581681600,10.414795178305644,1.3044140176652517,2020-02-14 12:00:00
301,0101000020E61000006E409D56F8493E400A41C338F1F64D40,1581692400,10.834802703977001,0.6613131306390061,2020-02-14 15:00:00
302,0101000020E61000006E409D56F8493E400A41C338F1F64D40,1581775200,10.882259991686508,0.5621755051788078,2020-02-15 14:00:00
303,0101000020E61000006E409D56F8493E400A41C338F1F64D40,1581879600,11.060823428143078,1.5314571000886794,2020-02-16 19:00:00
304,0101000020E61000006E409D56F8493E400A41C338F1F64D40,1582066800,10.753137029379745,0.07003882005056039,2020-02-18 23:00:00
305,0101000020E61000006E409D56F8493E400A41C338F1F64D40,1582149600,10.838478984731287,0.1071664222355375,2020-02-19 22:00:00
306,0101000020E61000006E409D56F8493E400A41C338F1F64D40,1582408800,10.851837333309822,0.0784970606493611,2020-02-22 22:00:00
307,0101000020E61000006E409D56F8493E400A41C338F1F64D40,1582484400,10.82647371746091,1.5862529878811482,2020-02-23 19:00:00
308,0101000020E61000007395519EAB473E408BE607F513F64D40,1582642800,0.3847326947942218,32.789693924903325,2020-02-25 15:00:00
309,0101000020E6100000781EBE2236893E406E4CE6811AEA4D40,1582650000,0.45085751620437525,14.525969399225621,2020-02-25 17:00:00
310,0101000020E61000007B5916CCFD643E40C2FABDE463F94D40,1581890400,1.964337425814538,1.5453875359151623,2020-02-16 22:00:00
311,0101000020E61000007D3FBA2D12433E40EC88DD9029024E40,1582322400,1.8798106584949639,1.6598423502945552,2020-02-21 22:00:00
312,0101000020E61000007D3FBA2D12433E40EC88DD9029024E40,1582491600,1.8798106584958794,1.6598423502932598,2020-02-23 21:00:00
313,0101000020E610000080946E75C5403E407B5D8E44B1EB4D40,1580590800,2.847893442962302,0.7556836658885435,2020-02-01 21:00:00
314,0101000020E610000080946E75C5403E407B5D8E44B1EB4D40,1580835600,2.7304840464647313,1.5636480129093537,2020-02-04 17:00:00
315,0101000020E610000080946E75C5403E407B5D8E44B1EB4D40,1580929200,2.7544701194373915,0.8152311635971802,2020-02-05 19:00:00
316,0101000020E610000080946E75C5403E407B5D8E44B1EB4D40,1580986800,2.706915712100816,1.585968956738352,2020-02-06 11:00:00
317,0101000020E610000080946E75C5403E407B5D8E44B1EB4D40,1581012000,2.686620960652012,1.2332886134201337,2020-02-06 18:00:00
318,0101000020E610000080946E75C5403E407B5D8E44B1EB4D40,1581249600,2.5573878943944814,2.5192158450921855,2020-02-09 12:00:00
319,0101000020E610000080946E75C5403E407B5D8E44B1EB4D40,1581591600,2.6375862946393203,0.8956725738839687,2020-02-13 11:00:00
320,0101000020E610000080946E75C5403E407B5D8E44B1EB4D40,1581937200,2.6540347820131096,0.8839240668155277,2020-02-17 11:00:00
321,0101000020E610000080946E75C5403E407B5D8E44B1EB4D40,1582131600,2.4857937914190864,1.011429917179738,2020-02-19 17:00:00
322,0101000020E610000081AECA13B1623E406BDE1BEB22ED4D40,1581022800,1.1269187801226104,7.873753970904617,2020-02-06 21:00:00
323,0101000020E610000081AECA13B1623E406BDE1BEB22ED4D40,1581436800,1.53803161490262,3.551271854345597,2020-02-11 16:00:00
324,0101000020E61000008A5833A3175E3E408A3E861151044E40,1581616800,1.5059859090180499,2.3200841854225294,2020-02-13 18:00:00
325,0101000020E61000008A5833A3175E3E408A3E861151044E40,1582556400,1.50604864911829,2.3199458748741146,2020-02-24 15:00:00
326,0101000020E61000008A728F4103803E402A30A27964EA4D40,1581339600,1.7854508252398418,1.8004131669817027,2020-02-10 13:00:00
327,0101000020E61000008A728F4103803E402A30A27964EA4D40,1581440400,1.7704255809481066,2.953851591011991,2020-02-11 17:00:00
328,0101000020E61000008A728F4103803E402A30A27964EA4D40,1582740000,1.718160068701762,1.9100897472131275,2020-02-26 18:00:00
329,0101000020E61000008D938B4CDF393E408F79686EE1024E40,1581008400,1.5965143729906992,2.7581872744185776,2020-02-06 17:00:00
330,0101000020E61000008D938B4CDF393E408FAA9F16E4044E40,1580940000,1.5201454257982039,2.2891589943604114,2020-02-05 22:00:00
331,0101000020E61000008D938B4CDF393E408FAA9F16E4044E40,1582196400,2.11709057478565,1.3617317367284758,2020-02-20 11:00:00
332,0101000020E61000008D938B4CDF393E408FAA9F16E4044E40,1582664400,1.721564009157892,2.4852029712998687,2020-02-25 21:00:00
333,0101000020E61000008D938B4CDF393E40F91CC68469FC4D40,1581382800,2.0843923470395893,5.236829653718302,2020-02-11 01:00:00
334,0101000020E61000008D938B4CDF393E40F91CC68469FC4D40,1581872400,2.2136139043045344,4.872749522724152,2020-02-16 17:00:00
335,0101000020E61000008D938B4CDF393E40F91CC68469FC4D40,1581937200,2.0615569490789127,1.9104216610075955,2020-02-17 11:00:00
336,0101000020E61000008D938B4CDF393E40F91CC68469FC4D40,1582232400,2.181867626683794,5.416521253985745,2020-02-20 21:00:00
337,0101000020E61000008D938B4CDF393E40F91CC68469FC4D40,1582923600,2.1410789833395594,4.604650782795007,2020-02-28 21:00:00
338,0101000020E61000008EADE7EACA5B3E40494A4ED65FF74D40,1581930000,2.3070565307048256,1.1672637551158995,2020-02-17 09:00:00
339,0101000020E61000008EADE7EACA5B3E40494A4ED65FF74D40,1582657200,2.816265701403528,1.13048079838838,2020-02-25 19:00:00
340,0101000020E61000008EADE7EACA5B3E40CAE971F73AF74D40,1580734800,2.33915525106954,2.4200380655974554,2020-02-03 13:00:00
341,0101000020E61000008EADE7EACA5B3E40CAE971F73AF74D40,1580911200,2.461747650016854,1.437292871980165,2020-02-05 14:00:00
342,0101000020E61000008EADE7EACA5B3E40CAE971F73AF74D40,1581001200,2.4649078522986283,1.8398627532758318,2020-02-06 15:00:00
343,0101000020E61000008EADE7EACA5B3E40CAE971F73AF74D40,1581116400,2.4241834034331387,1.0625502150204391,2020-02-07 23:00:00
344,0101000020E61000008EADE7EACA5B3E40CAE971F73AF74D40,1581415200,2.4267782033375216,1.8844828053808034,2020-02-11 10:00:00
345,0101000020E61000008EADE7EACA5B3E40CAE971F73AF74D40,1581530400,2.4417431002789933,5.143152405462352,2020-02-12 18:00:00
346,0101000020E61000008EADE7EACA5B3E40CAE971F73AF74D40,1581778800,2.3997754965134583,1.0835282330635962,2020-02-15 15:00:00
347,0101000020E61000008EADE7EACA5B3E40CAE971F73AF74D40,1581890400,2.401589683770249,1.0819543129243103,2020-02-16 22:00:00
348,0101000020E61000008EADE7EACA5B3E40CAE971F73AF74D40,1582135200,2.422867032712535,1.0636708215895037,2020-02-19 18:00:00
349,0101000020E61000008EADE7EACA5B3E40CAE971F73AF74D40,1582394400,2.4162338241759733,1.8970706104518933,2020-02-22 18:00:00
350,0101000020E61000008EADE7EACA5B3E40CAE971F73AF74D40,1582462800,2.401274106949829,2.331564679286798,2020-02-23 13:00:00
351,0101000020E61000008EADE7EACA5B3E40CAE971F73AF74D40,1582707600,2.422131894463377,2.30287546202037,2020-02-26 09:00:00
352,0101000020E61000008EC74389B67D3E4033438EB75DF64D40,1581073200,1.2854348443926442,2.8897342963831454,2020-02-07 11:00:00
353,0101000020E610000091029C327E593E40494A4ED65FF74D40,1580598000,19.136398941432837,1.0902574263015965,2020-02-01 23:00:00
354,0101000020E610000091029C327E593E40494A4ED65FF74D40,1582218000,14.684239239086187,0.6344054063159993,2020-02-20 17:00:00
355,0101000020E610000091029C327E593E408991431816F74D40,1581807600,0.746041342653736,5.702041447481383,2020-02-15 23:00:00
356,0101000020E610000091029C327E593E40A08C1570AEEA4D40,1581112800,3.07570657138798,3.2266710748462155,2020-02-07 22:00:00
357,0101000020E610000091029C327E593E40A08C1570AEEA4D40,1581274800,3.9035451541872046,1.5617738760555462,2020-02-09 19:00:00
358,0101000020E610000091029C327E593E40A08C1570AEEA4D40,1582023600,3.0838292392645474,0.6213608510931798,2020-02-18 11:00:00
359,0101000020E610000091029C327E593E40A08C1570AEEA4D40,1582236000,3.251806809005677,0.8451280633841386,2020-02-20 22:00:00
360,0101000020E610000091029C327E593E40A08C1570AEEA4D40,1582279200,2.666637614158602,0.8750204277672873,2020-02-21 10:00:00
361,0101000020E610000091029C327E593E40A08C1570AEEA4D40,1582534800,2.5241979497076965,0.9808272170488859,2020-02-24 09:00:00
362,0101000020E610000091029C327E593E40A08C1570AEEA4D40,1582560000,3.656155388234744,0.9145794575705173,2020-02-24 16:00:00
363,0101000020E610000091029C327E593E40A08C1570AEEA4D40,1582639200,3.4581609375909306,3.0483945810089637,2020-02-25 14:00:00
364,0101000020E610000091029C327E593E40A08C1570AEEA4D40,1582754400,3.2175047576701354,0.8647991073507314,2020-02-26 22:00:00
365,0101000020E610000091029C327E593E40A08C1570AEEA4D40,1582819200,3.8409301470493844,0.30176801154298966,2020-02-27 16:00:00
366,0101000020E610000091029C327E593E40A08C1570AEEA4D40,1582995600,3.827448274629921,1.3514360885439314,2020-02-29 17:00:00
367,0101000020E61000009757507A31573E4006FC5DE561F84D40,1580738400,2.0345546126673613,2.4405564522167302,2020-02-03 14:00:00
368,0101000020E61000009757507A31573E4006FC5DE561F84D40,1581084000,2.241428727608984,1.2307200485173075,2020-02-07 14:00:00
369,0101000020E61000009757507A31573E4006FC5DE561F84D40,1581282000,2.262846946524381,2.0934482823735157,2020-02-09 21:00:00
370,0101000020E61000009757507A31573E4006FC5DE561F84D40,1582484400,2.1328261505240884,2.750891744286894,2020-02-23 19:00:00
371,0101000020E61000009757507A31573E4006FC5DE561F84D40,1582563600,2.2210559381780217,3.052126668805508,2020-02-24 17:00:00
372,0101000020E61000009A92A823F9323E40DDC94EE7B4FD4D40,1580659200,8.137913431780353,1.0889875694193598,2020-02-02 16:00:00
373,0101000020E61000009A92A823F9323E40DDC94EE7B4FD4D40,1580770800,7.593897914505232,0.053477422275991615,2020-02-03 23:00:00
374,0101000020E61000009A92A823F9323E40DDC94EE7B4FD4D40,1580821200,7.633643729045836,0.2140057601627202,2020-02-04 13:00:00
375,0101000020E61000009A92A823F9323E40DDC94EE7B4FD4D40,1581109200,8.103902371881627,0.7275627663749077,2020-02-07 21:00:00
376,0101000020E61000009A92A823F9323E40DDC94EE7B4FD4D40,1581174000,7.891458872897376,1.0275085073243937,2020-02-08 15:00:00
377,0101000020E61000009A92A823F9323E40DDC94EE7B4FD4D40,1581440400,8.557822439750693,0.2853737124651599,2020-02-11 17:00:00
378,0101000020E61000009A92A823F9323E40DDC94EE7B4FD4D40,1581591600,8.631444357649636,0.27441011541147525,2020-02-13 11:00:00
379,0101000020E61000009A92A823F9323E40DDC94EE7B4FD4D40,1581638400,8.414996278500448,0.2869872069546298,2020-02-14 00:00:00
380,0101000020E61000009A92A823F9323E40DDC94EE7B4FD4D40,1581807600,9.025959696810176,0.10791542793328172,2020-02-15 23:00:00
381,0101000020E61000009A92A823F9323E40DDC94EE7B4FD4D40,1581886800,8.684729538898106,0.496880235794816,2020-02-16 21:00:00
382,0101000020E61000009A92A823F9323E40DDC94EE7B4FD4D40,1582056000,8.429307146551,1.1354068237227561,2020-02-18 20:00:00
383,0101000020E61000009A92A823F9323E40DDC94EE7B4FD4D40,1582113600,8.785904298324093,0.5934614724486008,2020-02-19 12:00:00
384,0101000020E61000009A92A823F9323E40DDC94EE7B4FD4D40,1582484400,8.64485017490562,1.1978402882161496,2020-02-23 19:00:00
385,0101000020E61000009A92A823F9323E40DDC94EE7B4FD4D40,1582675200,9.074413325566134,0.008200345619752933,2020-02-26 00:00:00
386,0101000020E61000009A92A823F9323E40DDC94EE7B4FD4D40,1582927200,9.158958759023138,0.12653826592257178,2020-02-28 22:00:00
387,0101000020E61000009BAC04C2E4543E402BEBD0F9C7F44D40,1581285600,1.313863679351709,2.8055698460795546,2020-02-09 22:00:00
388,0101000020E61000009BAC04C2E4543E402BEBD0F9C7F44D40,1582502400,0.9757098550531581,4.124474221619492,2020-02-24 00:00:00
389,0101000020E61000009BAC04C2E4543E402BEBD0F9C7F44D40,1582916400,2.1857625338999784,2.660049925792206,2020-02-28 19:00:00
390,0101000020E61000009BAC04C2E4543E4070B5CC78A7F64D40,1581026400,1.308809938865628,7.404581653417089,2020-02-06 22:00:00
391,0101000020E61000009BAC04C2E4543E4070B5CC78A7F64D40,1581890400,1.2063368722623142,3.144779219608207,2020-02-16 22:00:00
392,0101000020E61000009BAC04C2E4543E40CEB8CE2B18F84D40,1580734800,6.638158924403952,0.20515343050759047,2020-02-03 13:00:00
393,0101000020E61000009BAC04C2E4543E40CEB8CE2B18F84D40,1581271200,6.961345550201176,0.292853505848436,2020-02-09 18:00:00
394,0101000020E61000009BAC04C2E4543E40CEB8CE2B18F84D40,1581274800,6.205714690552099,0.45027614848327885,2020-02-09 19:00:00
395,0101000020E61000009BAC04C2E4543E40CEB8CE2B18F84D40,1581282000,4.70176096226967,3.2537253936332498,2020-02-09 21:00:00
396,0101000020E61000009BAC04C2E4543E40CEB8CE2B18F84D40,1581325200,2.8978145432205817,1.415613523776549,2020-02-10 09:00:00
397,0101000020E61000009BAC04C2E4543E40CEB8CE2B18F84D40,1581368400,4.133058215023358,2.387322237347407,2020-02-10 21:00:00
398,0101000020E61000009BAC04C2E4543E40CEB8CE2B18F84D40,1581804000,3.422837570686653,0.7529315592957992,2020-02-15 22:00:00
399,0101000020E61000009BAC04C2E4543E40CEB8CE2B18F84D40,1582243200,1.5034143692577495,2.3257630778589333,2020-02-21 00:00:00
400,0101000020E61000009BAC04C2E4543E40CEB8CE2B18F84D40,1582495200,3.368943071574394,3.749263985788512,2020-02-23 22:00:00
401,0101000020E61000009BAC04C2E4543E40CEB8CE2B18F84D40,1582826400,6.642772362305242,0.65593511263762,2020-02-27 18:00:00
402,0101000020E61000009BAC04C2E4543E40DB251193A9F74D40,1582318800,2.704205887124273,1.9583546275418475,2020-02-21 21:00:00
403,0101000020E61000009BAC04C2E4543E40DB251193A9F74D40,1582322400,2.7171350200600126,0.8401735515850686,2020-02-21 22:00:00
404,0101000020E61000009BAC04C2E4543E40DB251193A9F74D40,1582884000,2.7876276391718067,1.5110957796643432,2020-02-28 10:00:00
405,0101000020E61000009BAC04C2E4543E40DB251193A9F74D40,1582981200,2.9319312971605993,2.069649008732218,2020-02-29 13:00:00
406,0101000020E61000009BAC04C2E4543E40E4A1F770CEF74D40,1580598000,1.6408984173722159,2.6565334797559137,2020-02-01 23:00:00
407,0101000020E61000009BAC04C2E4543E40E4A1F770CEF74D40,1582074000,1.646731591592196,2.036317530755323,2020-02-19 01:00:00
408,0101000020E61000009BC66060D0763E40ABD94A1972EF4D40,1581350400,1.4754796244802622,5.777457197026697,2020-02-10 16:00:00
409,0101000020E61000009E01B90998523E400C288C4EF3F74D40,1581188400,1.0600703495789432,6.546668957562653,2020-02-08 19:00:00
410,0101000020E61000009E01B90998523E406BDE1BEB22ED4D40,1581249600,3.870802346619555,4.166887432902994,2020-02-09 12:00:00
411,0101000020E61000009E01B90998523E406BDE1BEB22ED4D40,1581595200,3.983043860684624,2.2638355124127356,2020-02-13 12:00:00
412,0101000020E61000009E01B90998523E406BDE1BEB22ED4D40,1581843600,4.379001414343427,0.5985379628039141,2020-02-16 09:00:00
413,0101000020E61000009E01B90998523E406BDE1BEB22ED4D40,1582146000,4.245023802283971,2.769119030944289,2020-02-19 21:00:00
414,0101000020E61000009E01B90998523E407AB3D8B484F74D40,1580580000,3.7014272265161567,0.6209963435232244,2020-02-01 18:00:00
415,0101000020E61000009E01B90998523E407AB3D8B484F74D40,1581505200,2.433170093068162,1.8769053260773843,2020-02-12 11:00:00
416,0101000020E61000009E01B90998523E407AB3D8B484F74D40,1581523200,3.34519458706578,0.49468136153649694,2020-02-12 16:00:00
417,0101000020E61000009E01B90998523E407AB3D8B484F74D40,1581609600,2.42406209513543,1.0626534320362182,2020-02-13 16:00:00
418,0101000020E61000009E01B90998523E407AB3D8B484F74D40,1582196400,3.444025127121424,1.6132213522850676,2020-02-20 11:00:00
419,0101000020E61000009E01B90998523E407AB3D8B484F74D40,1582398000,3.4584947255512692,1.8914313288148916,2020-02-22 19:00:00
420,0101000020E61000009E01B90998523E407AB3D8B484F74D40,1582632000,3.4336378221874737,0.7474178439057295,2020-02-25 12:00:00
421,0101000020E61000009E01B90998523E407AB3D8B484F74D40,1582711200,2.9985252576576644,1.0009836451025846,2020-02-26 10:00:00
422,0101000020E61000009E01B90998523E407AB3D8B484F74D40,1582822800,3.213512237577467,0.5559299701840537,2020-02-27 17:00:00
423,0101000020E61000009E01B90998523E4085057155DEEE4D40,1580731200,4.112026646904614,0.21594542772815467,2020-02-03 12:00:00
424,0101000020E61000009E01B90998523E4085057155DEEE4D40,1580929200,3.892616127559126,0.28448319488807694,2020-02-05 19:00:00
425,0101000020E61000009E01B90998523E4085057155DEEE4D40,1581177600,4.072814570113476,1.2097740628906768,2020-02-08 16:00:00
426,0101000020E61000009E01B90998523E4085057155DEEE4D40,1581199200,3.014473083599009,1.3221305368706864,2020-02-08 22:00:00
427,0101000020E61000009E01B90998523E4085057155DEEE4D40,1581418800,3.360144082402064,0.7856377145919243,2020-02-11 11:00:00
428,0101000020E61000009E01B90998523E4085057155DEEE4D40,1582480800,3.2726521659748746,1.4445005439852232,2020-02-23 18:00:00
429,0101000020E61000009E01B90998523E4085057155DEEE4D40,1582556400,3.4695506473054114,1.0175523321547342,2020-02-24 15:00:00
430,0101000020E61000009E01B90998523E4085057155DEEE4D40,1582714800,3.2628561292372726,1.4518396408333472,2020-02-26 11:00:00
431,0101000020E61000009E01B90998523E40888919D708054E40,1580572800,4.2747081506115325,0.6375386934891899,2020-02-01 16:00:00
432,0101000020E61000009E01B90998523E40888919D708054E40,1580749200,4.2211596444833095,0.42141034818275136,2020-02-03 17:00:00
433,0101000020E61000009E01B90998523E40888919D708054E40,1581116400,4.450023592949356,0.12358954858622093,2020-02-07 23:00:00
434,0101000020E61000009E01B90998523E40888919D708054E40,1581372000,4.490445301154167,1.0042555685260781,2020-02-10 22:00:00
435,0101000020E61000009E01B90998523E40888919D708054E40,1581523200,4.4610845387413445,1.465768111873431,2020-02-12 16:00:00
436,0101000020E61000009E01B90998523E40888919D708054E40,1582016400,4.1031070085359715,0.2185887400933393,2020-02-18 09:00:00
437,0101000020E61000009E01B90998523E40888919D708054E40,1582124400,4.265117721407419,0.6412208190328952,2020-02-19 15:00:00
438,0101000020E61000009E01B90998523E40888919D708054E40,1582401600,4.217576719670777,1.6081327575372846,2020-02-22 20:00:00
439,0101000020E61000009E01B90998523E40888919D708054E40,1582585200,4.055914375318293,0.479321170218033,2020-02-24 23:00:00
440,0101000020E61000009E01B90998523E40888919D708054E40,1582722000,3.995547006326084,0.5016717336825969,2020-02-26 13:00:00
441,0101000020E61000009E01B90998523E40888919D708054E40,1582833600,4.223608085179658,0.8941151353676575,2020-02-27 20:00:00
442,0101000020E61000009E01B90998523E40CEB8CE2B18F84D40,1580648400,3.6519287455798164,1.7382790565406556,2020-02-02 13:00:00
443,0101000020E61000009E01B90998523E40CEB8CE2B18F84D40,1580659200,3.6490740083743045,1.46637913600705,2020-02-02 16:00:00
444,0101000020E61000009E01B90998523E40CEB8CE2B18F84D40,1580734800,3.661248103861217,0.36565451402403226,2020-02-03 13:00:00
445,0101000020E61000009E01B90998523E40CEB8CE2B18F84D40,1580763600,3.6789648130147654,0.6308935542885061,2020-02-03 21:00:00
446,0101000020E61000009E01B90998523E40CEB8CE2B18F84D40,1581375600,3.5675876148062358,0.6818087312274388,2020-02-10 23:00:00
447,0101000020E61000009E01B90998523E40CEB8CE2B18F84D40,1581595200,3.649658639323499,2.0139805080616964,2020-02-13 12:00:00
448,0101000020E61000009E01B90998523E40CEB8CE2B18F84D40,1581930000,3.6098050647502595,0.9391628839892182,2020-02-17 09:00:00
449,0101000020E61000009E01B90998523E40CEB8CE2B18F84D40,1581962400,3.6405987742215453,2.021480993151212,2020-02-17 18:00:00
450,0101000020E61000009E01B90998523E40CEB8CE2B18F84D40,1582045200,3.6697358667313043,1.1799934083881995,2020-02-18 17:00:00
451,0101000020E61000009E01B90998523E40CEB8CE2B18F84D40,1582214400,3.7020492479812517,1.4310859735071733,2020-02-20 16:00:00
452,0101000020E61000009E01B90998523E40CEB8CE2B18F84D40,1582221600,3.6621257184939493,0.3653272400643449,2020-02-20 18:00:00
453,0101000020E61000009E01B90998523E40CEB8CE2B18F84D40,1582401600,3.6632489962923485,0.6378903006791857,2020-02-22 20:00:00
454,0101000020E61000009E01B90998523E40CEB8CE2B18F84D40,1582563600,3.6798375569952317,0.9022578827408468,2020-02-24 17:00:00
455,0101000020E61000009E01B90998523E40CEB8CE2B18F84D40,1582718400,3.6670705547488796,0.6361834086420732,2020-02-26 12:00:00
456,0101000020E61000009E01B90998523E40CEB8CE2B18F84D40,1582988400,3.6662743479073217,1.1820516526719644,2020-02-29 15:00:00
457,0101000020E61000009E01B90998523E40EBDF22DD1FFC4D40,1580731200,2.018019194457164,1.4776771270230522,2020-02-03 12:00:00
458,0101000020E61000009E01B90998523E40EBDF22DD1FFC4D40,1581775200,1.5067560978986012,2.982064521502787,2020-02-15 14:00:00
459,0101000020E61000009E01B90998523E40EBDF22DD1FFC4D40,1582282800,1.4119001248059677,3.957857767001745,2020-02-21 11:00:00
460,0101000020E61000009E01B90998523E40EBDF22DD1FFC4D40,1582797600,1.3945365089096267,3.302504783249695,2020-02-27 10:00:00
461,0101000020E61000009E01B90998523E40EBDF22DD1FFC4D40,1582812000,1.3685539428224427,2.6534913557650714,2020-02-27 14:00:00
462,0101000020E6100000A4566D514B503E4006FC5DE561F84D40,1580846400,16.583207816865016,1.2914746302192657,2020-02-04 20:00:00
463,0101000020E6100000A4566D514B503E4006FC5DE561F84D40,1580990400,19.48142028054592,0.02661919469865003,2020-02-06 12:00:00
464,0101000020E6100000A4566D514B503E4006FC5DE561F84D40,1581105600,17.963748493867165,1.1153714110934712,2020-02-07 20:00:00
465,0101000020E6100000A4566D514B503E4006FC5DE561F84D40,1581314400,17.030913387336565,0.5889827021723397,2020-02-10 06:00:00
466,0101000020E6100000A4566D514B503E4006FC5DE561F84D40,1581357600,17.219118077877756,0.277649639226557,2020-02-10 18:00:00
467,0101000020E6100000A4566D514B503E4006FC5DE561F84D40,1582891200,11.775489575086459,1.6325869342695578,2020-02-28 12:00:00
468,0101000020E6100000A4566D514B503E4006FC5DE561F84D40,1583020800,13.254301970981754,0.019186372208699367,2020-03-01 00:00:00
469,0101000020E6100000A4566D514B503E408F05D6231CFA4D40,1582466400,0.197497879127993,59.7601461493322,2020-02-23 14:00:00
470,0101000020E6100000A4566D514B503E40E1E86ED465FA4D40,1581883200,2.3519173394439443,1.9762950774685755,2020-02-16 20:00:00
471,0101000020E6100000A4566D514B503E40E1E86ED465FA4D40,1582484400,2.4783324414862333,1.0174855948710197,2020-02-23 19:00:00
472,0101000020E6100000A470C9EF36723E402BEBD0F9C7F44D40,1580738400,1.4494770541669366,3.1394239272372633,2020-02-03 14:00:00
473,0101000020E6100000A470C9EF36723E402BEBD0F9C7F44D40,1582732800,1.1783146375883322,3.2433487970866146,2020-02-26 16:00:00
474,0101000020E6100000A7AB2199FE4D3E400D69F571D2F94D40,1581336000,0.7019686982811357,7.5473896694992275,2020-02-10 12:00:00
475,0101000020E6100000A7AB2199FE4D3E40494A4ED65FF74D40,1580752800,4.072985025655852,0.7186412314081184,2020-02-03 18:00:00
476,0101000020E6100000A7AB2199FE4D3E40494A4ED65FF74D40,1581174000,4.204323201499235,0.9028032852344109,2020-02-08 15:00:00
477,0101000020E6100000A7AB2199FE4D3E40494A4ED65FF74D40,1581696000,3.9255236295287013,0.5284585105708205,2020-02-14 16:00:00
478,0101000020E6100000A7AB2199FE4D3E40494A4ED65FF74D40,1581703200,3.6917684353960074,0.35436446990036136,2020-02-14 18:00:00
479,0101000020E6100000A7AB2199FE4D3E40494A4ED65FF74D40,1582624800,2.333491479676658,1.999796682767387,2020-02-25 10:00:00
480,0101000020E6100000A7AB2199FE4D3E40494A4ED65FF74D40,1582642800,3.5435127787457468,0.4110291996095998,2020-02-25 15:00:00
481,0101000020E6100000A7AB2199FE4D3E40494A4ED65FF74D40,1582668000,2.786376482953331,1.1533342808149498,2020-02-25 22:00:00
482,0101000020E6100000A7AB2199FE4D3E40494A4ED65FF74D40,1582797600,2.432911374082087,1.8772112599625745,2020-02-27 10:00:00
483,0101000020E6100000A7AB2199FE4D3E40494A4ED65FF74D40,1582819200,3.582817220091966,0.3955498404888366,2020-02-27 16:00:00
484,0101000020E6100000A7AB2199FE4D3E40516FA59DABF84D40,1580590800,0.7503669991662305,10.994130885287253,2020-02-01 21:00:00
485,0101000020E6100000A8C57D37EA6F3E407AB3D8B484F74D40,1582387200,1.032003807839525,5.782920709037238,2020-02-22 16:00:00
486,0101000020E6100000A8C57D37EA6F3E407AB3D8B484F74D40,1582801200,1.0320017933102215,3.84495282121762,2020-02-27 11:00:00
487,0101000020E6100000AB00D6E0B14B3E40236E4BFC40FA4D40,1582452000,1.2293871452081617,3.0670670906953337,2020-02-23 10:00:00
488,0101000020E6100000AB00D6E0B14B3E406379569882F64D40,1580691600,6.128188032725792,0.18409814233849128,2020-02-03 01:00:00
489,0101000020E6100000AB00D6E0B14B3E406379569882F64D40,1580767200,6.080757793049194,2.617970119636702,2020-02-03 22:00:00
490,0101000020E6100000AB00D6E0B14B3E406379569882F64D40,1580929200,5.9192128769229235,1.3651793390606755,2020-02-05 19:00:00
491,0101000020E6100000AB00D6E0B14B3E406379569882F64D40,1580940000,6.177016992686206,2.075918363588223,2020-02-05 22:00:00
492,0101000020E6100000AB00D6E0B14B3E406379569882F64D40,1581004800,5.876303514503768,0.19122505886953398,2020-02-06 16:00:00
493,0101000020E6100000AB00D6E0B14B3E406379569882F64D40,1581541200,6.013550179249813,1.6606579346771149,2020-02-12 21:00:00
494,0101000020E6100000AB00D6E0B14B3E406379569882F64D40,1581944400,5.79107962152802,1.0721524800644529,2020-02-17 13:00:00
495,0101000020E6100000AB00D6E0B14B3E406379569882F64D40,1581951600,5.470255518079046,1.0108749881326928,2020-02-17 15:00:00
496,0101000020E6100000AB00D6E0B14B3E406379569882F64D40,1582164000,5.330523717490383,0.5007906209572986,2020-02-20 02:00:00
497,0101000020E6100000AB00D6E0B14B3E406379569882F64D40,1582876800,5.3576320758734335,0.8664962166835131,2020-02-28 08:00:00
498,0101000020E6100000AB00D6E0B14B3E408D151BC211F54D40,1582934400,1.01442015221289,5.900493828646805,2020-02-29 00:00:00
499,0101000020E6100000AB00D6E0B14B3E40A0DE2F7F6FEE4D40,1582581600,1.388550478069651,4.761403799393394,2020-02-24 22:00:00
500,0101000020E6100000AB00D6E0B14B3E40CB88A75E4B004E40,1581271200,2.778250434648492,0.7996937704547166,2020-02-09 18:00:00
501,0101000020E6100000AB00D6E0B14B3E40CB88A75E4B004E40,1581890400,1.8781771948018444,1.6621556335782903,2020-02-16 22:00:00
502,0101000020E6100000AB00D6E0B14B3E40CB88A75E4B004E40,1582981200,2.331894243138284,1.1441795719135854,2020-02-29 13:00:00
503,0101000020E6100000AB00D6E0B14B3E40CB88A75E4B004E40,1582992000,2.278218767057658,1.1946970467886844,2020-02-29 16:00:00
504,0101000020E6100000B16FE6C6506B3E4006FC5DE561F84D40,1580569200,1.6047192563517854,2.1158098092292748,2020-02-01 15:00:00
505,0101000020E6100000B16FE6C6506B3E4006FC5DE561F84D40,1580731200,1.666599631001954,2.600144802859953,2020-02-03 12:00:00
506,0101000020E6100000B16FE6C6506B3E40504B47D375044E40,1580562000,1.9418482887852837,2.089839733954334,2020-02-01 13:00:00
507,0101000020E6100000B16FE6C6506B3E40504B47D375044E40,1580637600,1.8243410371869442,2.8370018857843053,2020-02-02 10:00:00
508,0101000020E6100000B16FE6C6506B3E40504B47D375044E40,1580810400,1.7969532251686329,2.895482587947215,2020-02-04 10:00:00
509,0101000020E6100000B16FE6C6506B3E40504B47D375044E40,1581800400,1.7296731547743238,3.04700736707295,2020-02-15 21:00:00
510,0101000020E6100000B16FE6C6506B3E40504B47D375044E40,1581872400,1.7296737512491558,4.203293391889815,2020-02-16 17:00:00
511,0101000020E6100000B16FE6C6506B3E40504B47D375044E40,1581886800,1.7296752987337218,5.937718315561932,2020-02-16 21:00:00
512,0101000020E6100000B16FE6C6506B3E40504B47D375044E40,1582416000,1.7296718446160173,3.0470104325216565,2020-02-23 00:00:00
513,0101000020E6100000B16FE6C6506B3E40504B47D375044E40,1582498800,1.7296718775829507,1.8907216824193365,2020-02-23 23:00:00
514,0101000020E6100000B16FE6C6506B3E40504B47D375044E40,1582570800,1.7296720229757414,2.4688657273172243,2020-02-24 19:00:00
515,0101000020E6100000B16FE6C6506B3E40504B47D375044E40,1582812000,1.7296719005050787,2.4688659729327567,2020-02-27 14:00:00
516,0101000020E6100000B16FE6C6506B3E40504B47D375044E40,1582930800,1.7296718870665972,3.6251546665116012,2020-02-28 23:00:00
517,0101000020E6100000B490E2D12C253E405A854F09B4EC4D40,1581519600,2.2343894036632173,1.6852973748278488,2020-02-12 15:00:00
518,0101000020E6100000B490E2D12C253E405A854F09B4EC4D40,1582538400,1.942011589279433,1.5746499287654652,2020-02-24 10:00:00
519,0101000020E6100000B5C49A0E04693E4006FC5DE561F84D40,1582722000,2.187894569273364,1.7423624905256285,2020-02-26 13:00:00
520,0101000020E6100000B8FFF2B7CB443E40892F7FF5FDEC4D40,1580659200,5.135613953142269,0.5577494868174684,2020-02-02 16:00:00
521,0101000020E6100000B8FFF2B7CB443E40892F7FF5FDEC4D40,1580760000,4.1138617885004996,0.45848361186363457,2020-02-03 20:00:00
522,0101000020E6100000B8FFF2B7CB443E40892F7FF5FDEC4D40,1581188400,4.161384589724083,1.6433509719728514,2020-02-08 19:00:00
523,0101000020E6100000B8FFF2B7CB443E40892F7FF5FDEC4D40,1581498000,2.739585803567415,0.8250934113796086,2020-02-12 09:00:00
524,0101000020E6100000B8FFF2B7CB443E40892F7FF5FDEC4D40,1581634800,2.8435828712638846,0.7583450971406558,2020-02-13 23:00:00
525,0101000020E6100000B8FFF2B7CB443E40892F7FF5FDEC4D40,1581674400,3.1607524144350174,0.8982821851525806,2020-02-14 10:00:00
526,0101000020E6100000B8FFF2B7CB443E40892F7FF5FDEC4D40,1582218000,3.833552766368757,1.086837064089198,2020-02-20 17:00:00
527,0101000020E6100000B8FFF2B7CB443E40892F7FF5FDEC4D40,1582394400,3.75153196549567,1.132462171075491,2020-02-22 18:00:00
528,0101000020E6100000BE54A7FF7E423E40F91CC68469FC4D40,1582300800,1.8744375593234446,1.6674668223169242,2020-02-21 16:00:00
529,0101000020E6100000BE6E039E6A643E403DF3BDF394004E40,1581094800,3.0577099639657894,0.9622528201524119,2020-02-07 17:00:00
530,0101000020E6100000C1A95B4732403E40494A4ED65FF74D40,1580558400,3.6859068301525917,2.2556438762461113,2020-02-01 12:00:00
531,0101000020E6100000C1A95B4732403E40494A4ED65FF74D40,1580720400,2.7009804561564956,0.8511796294575996,2020-02-03 09:00:00
532,0101000020E6100000C1A95B4732403E40494A4ED65FF74D40,1580918400,3.510698164537055,1.2787490194432407,2020-02-05 16:00:00
533,0101000020E6100000C1A95B4732403E40494A4ED65FF74D40,1580947200,4.235223926085422,0.6528051697304313,2020-02-06 00:00:00
534,0101000020E6100000C1A95B4732403E40494A4ED65FF74D40,1581379200,5.213028601874541,0.9182706951586882,2020-02-11 00:00:00
535,0101000020E6100000C1A95B4732403E40494A4ED65FF74D40,1581598800,5.666749852551431,0.9411479748038103,2020-02-13 13:00:00
536,0101000020E6100000C1A95B4732403E40494A4ED65FF74D40,1581685200,5.643126144796849,0.5948606798907554,2020-02-14 13:00:00
537,0101000020E6100000C1A95B4732403E40494A4ED65FF74D40,1581782400,5.8708667413425015,3.4286476163576713,2020-02-15 16:00:00
538,0101000020E6100000C1A95B4732403E40494A4ED65FF74D40,1582052400,6.172075194080353,0.6202006109049053,2020-02-18 19:00:00
539,0101000020E6100000C1A95B4732403E40494A4ED65FF74D40,1582056000,6.188325423254004,0.030432372309692965,2020-02-18 20:00:00
540,0101000020E6100000C1A95B4732403E40494A4ED65FF74D40,1582070400,6.088282455510926,0.17875032301200916,2020-02-19 00:00:00
541,0101000020E6100000C1A95B4732403E40494A4ED65FF74D40,1582146000,6.2196934174925715,0.4470166607710852,2020-02-19 21:00:00
542,0101000020E6100000C1A95B4732403E40494A4ED65FF74D40,1582207200,6.293247494738978,0.4301042518228959,2020-02-20 14:00:00
543,0101000020E6100000C1A95B4732403E40494A4ED65FF74D40,1582660800,6.5005394901283235,0.07699968454748095,2020-02-25 20:00:00
544,0101000020E6100000C1A95B4732403E40494A4ED65FF74D40,1582837200,6.5000801131761,0.3845983192970797,2020-02-27 21:00:00
545,0101000020E6100000C1A95B4732403E40494A4ED65FF74D40,1582977600,6.551777163830547,0.6789337800934556,2020-02-29 12:00:00
546,0101000020E6100000C2DD138409843E4009249E9F54F24D40,1580562000,7.23317956927786,0.5207696552593963,2020-02-01 13:00:00
547,0101000020E6100000C2DD138409843E4009249E9F54F24D40,1580767200,3.6710437454738285,1.7240209306493244,2020-02-03 22:00:00
548,0101000020E6100000C2DD138409843E4009249E9F54F24D40,1580839200,7.248487396037911,0.3795981773336725,2020-02-04 18:00:00
549,0101000020E6100000C2DD138409843E4009249E9F54F24D40,1581181200,7.885995256757512,0.2680707601784311,2020-02-08 17:00:00
550,0101000020E6100000C2DD138409843E4009249E9F54F24D40,1581771600,6.393723597077097,1.1896473607961606,2020-02-15 13:00:00
551,0101000020E6100000C2DD138409843E4009249E9F54F24D40,1581789600,6.4099875703752325,0.716071970379199,2020-02-15 18:00:00
552,0101000020E6100000C2DD138409843E4009249E9F54F24D40,1581897600,2.570327638601375,1.33433275582908,2020-02-17 00:00:00
553,0101000020E6100000C2DD138409843E4009249E9F54F24D40,1582149600,4.188795866455369,1.1485888276565637,2020-02-19 22:00:00
554,0101000020E6100000C2DD138409843E4009249E9F54F24D40,1582293600,6.179445866557774,0.029039151799825313,2020-02-21 14:00:00
555,0101000020E6100000C2DD138409843E4009249E9F54F24D40,1582722000,5.6286833429985,1.4872601897945728,2020-02-26 13:00:00
556,0101000020E6100000C5186C2DD15F3E40704FED7D3FEA4D40,1580659200,1.4789566957564935,2.380761596567556,2020-02-02 16:00:00
557,0101000020E6100000C5186C2DD15F3E40B2FEA92F1AF94D40,1580857200,2.7775031581299614,1.160213565351869,2020-02-04 23:00:00
558,0101000020E6100000C5186C2DD15F3E40B2FEA92F1AF94D40,1581008400,2.8301961475128996,1.1199944057844327,2020-02-06 17:00:00
559,0101000020E6100000C5186C2DD15F3E40B2FEA92F1AF94D40,1582754400,3.5594577189751484,0.40470835581090076,2020-02-26 22:00:00
560,0101000020E6100000C5FE0F8FE53D3E4033438EB75DF64D40,1581285600,14.937444755698463,1.0083756285395027,2020-02-09 22:00:00
561,0101000020E6100000C5FE0F8FE53D3E4033438EB75DF64D40,1581422400,14.962656574229525,0.8713254468611507,2020-02-11 12:00:00
562,0101000020E6100000C5FE0F8FE53D3E4033438EB75DF64D40,1581638400,14.960381638110933,0.06419499591269796,2020-02-14 00:00:00
563,0101000020E6100000C5FE0F8FE53D3E4033438EB75DF64D40,1581775200,14.956505235750601,0.7383740111862552,2020-02-15 14:00:00
564,0101000020E6100000C5FE0F8FE53D3E4033438EB75DF64D40,1581894000,14.955055487783945,0.1975957555087499,2020-02-16 23:00:00
565,0101000020E6100000C5FE0F8FE53D3E4033438EB75DF64D40,1581930000,14.956935193537022,0.0028792533968848145,2020-02-17 09:00:00
566,0101000020E6100000C5FE0F8FE53D3E4033438EB75DF64D40,1582120800,14.956242645011095,0.8052662450623119,2020-02-19 14:00:00
567,0101000020E6100000C5FE0F8FE53D3E4033438EB75DF64D40,1582236000,14.956631496236186,0.06396035741583397,2020-02-20 22:00:00
568,0101000020E6100000C5FE0F8FE53D3E4033438EB75DF64D40,1582318800,14.95653858308062,0.738370135280642,2020-02-21 21:00:00
569,0101000020E6100000C5FE0F8FE53D3E4033438EB75DF64D40,1582466400,14.957015971021931,0.7383146511558857,2020-02-23 14:00:00
570,0101000020E6100000C5FE0F8FE53D3E4033438EB75DF64D40,1582531200,14.956780270609444,0.5319848340785466,2020-02-24 08:00:00
571,0101000020E6100000C5FE0F8FE53D3E4033438EB75DF64D40,1582801200,14.956869757705464,1.1394851007186364,2020-02-27 11:00:00
572,0101000020E6100000C632C8CBBC813E402BEBD0F9C7F44D40,1581894000,0.5015998968309083,8.96810412360496,2020-02-16 23:00:00
573,0101000020E6100000CB6D2075845D3E407916A554F5F84D40,1582812000,1.2172048046016821,3.9293265827712855,2020-02-27 14:00:00
574,0101000020E6100000CFC2D4BC375B3E401FBF4913EFF54D40,1580652000,11.44492225199992,0.3010000571561719,2020-02-02 14:00:00
575,0101000020E6100000CFC2D4BC375B3E401FBF4913EFF54D40,1580670000,9.683866435339413,1.2718198507690297,2020-02-02 19:00:00
576,0101000020E6100000CFC2D4BC375B3E401FBF4913EFF54D40,1581022800,7.629256062489388,0.7039669259388006,2020-02-06 21:00:00
577,0101000020E6100000CFC2D4BC375B3E401FBF4913EFF54D40,1581282000,7.703801486178434,0.2980604469028996,2020-02-09 21:00:00
578,0101000020E6100000CFC2D4BC375B3E401FBF4913EFF54D40,1581508800,9.154357051732681,0.12609919464679298,2020-02-12 12:00:00
579,0101000020E6100000CFC2D4BC375B3E401FBF4913EFF54D40,1581526800,10.30411671387835,0.35868026234056133,2020-02-12 17:00:00
580,0101000020E6100000CFC2D4BC375B3E401FBF4913EFF54D40,1581868800,10.11294077079043,0.38436487638063715,2020-02-16 16:00:00
581,0101000020E6100000CFC2D4BC375B3E401FBF4913EFF54D40,1581944400,9.102156141231347,0.5380971038919211,2020-02-17 13:00:00
582,0101000020E6100000CFC2D4BC375B3E401FBF4913EFF54D40,1582380000,9.765161480237484,0.22885832705227988,2020-02-22 14:00:00
583,0101000020E6100000CFC2D4BC375B3E401FBF4913EFF54D40,1582390800,10.022912041999911,0.6961138568076193,2020-02-22 17:00:00
584,0101000020E6100000CFC2D4BC375B3E401FBF4913EFF54D40,1582398000,8.984338565505476,1.8939247792625,2020-02-22 19:00:00
585,0101000020E6100000CFC2D4BC375B3E401FBF4913EFF54D40,1582412400,5.971347659072928,1.511995759819618,2020-02-22 23:00:00
586,0101000020E6100000CFC2D4BC375B3E401FBF4913EFF54D40,1582581600,6.949850401803751,1.014431849693695,2020-02-24 22:00:00
587,0101000020E6100000CFC2D4BC375B3E401FBF4913EFF54D40,1582714800,7.775331863950724,0.28611873743468746,2020-02-26 11:00:00
588,0101000020E6100000CFC2D4BC375B3E401FBF4913EFF54D40,1582826400,9.18252807546184,0.08902471278281869,2020-02-27 18:00:00
589,0101000020E6100000CFC2D4BC375B3E401FBF4913EFF54D40,1582891200,8.389660130685732,0.1656396217533245,2020-02-28 12:00:00
590,0101000020E6100000CFC2D4BC375B3E401FBF4913EFF54D40,1582930800,6.565479632818087,0.066182577889653,2020-02-28 23:00:00
591,0101000020E6100000CFC2D4BC375B3E408A05A0FCDCFF4D40,1582732800,1.9925164888298186,2.011267426712102,2020-02-26 16:00:00
592,0101000020E6100000CFC2D4BC375B3E408A05A0FCDCFF4D40,1583006400,1.9925164888298186,1.5093895222600848,2020-02-29 20:00:00
593,0101000020E6100000D2178904EB583E40494A4ED65FF74D40,1581717600,0.7251749265542367,5.894888139277171,2020-02-14 22:00:00
594,0101000020E6100000D2178904EB583E406A1274D638F64D40,1581354000,0.30439531462610897,15.426008416527493,2020-02-10 17:00:00
595,0101000020E6100000D2178904EB583E408D151BC211F54D40,1582660800,1.6364515984102712,3.277547839972866,2020-02-25 20:00:00
596,0101000020E6100000D2178904EB583E408D151BC211F54D40,1582743600,1.7576611293051274,1.8446894094862853,2020-02-26 19:00:00
597,0101000020E6100000D2178904EB583E408D151BC211F54D40,1582830000,1.6351732435029056,2.0577799752207815,2020-02-27 19:00:00
598,0101000020E6100000D2178904EB583E40D4F7F058CCF64D40,1582232400,1.1771834415491567,3.2474263768271077,2020-02-20 21:00:00
599,0101000020E6100000D2FD2C66FF363E40CEB8CE2B18F84D40,1580572800,1.6744986678336584,4.97193667101405,2020-02-01 16:00:00
600,0101000020E6100000D752E1ADB2343E4076150862DBFE4D40,1581883200,1.324658573909692,2.7745575339029758,2020-02-16 20:00:00
601,0101000020E6100000D752E1ADB2343E4076150862DBFE4D40,1581948000,1.5463110160655795,2.880202583867215,2020-02-17 14:00:00
602,0101000020E6100000D752E1ADB2343E4076150862DBFE4D40,1582376400,1.4445372026376293,3.153579422561355,2020-02-22 13:00:00
603,0101000020E6100000D86C3D4C9E563E4006FC5DE561F84D40,1580670000,1.720387296574533,3.0688512487494624,2020-02-02 19:00:00
604,0101000020E6100000D86C3D4C9E563E40236E4BFC40FA4D40,1580731200,2.2392196129295274,1.2329207779037794,2020-02-03 12:00:00
605,0101000020E6100000D86C3D4C9E563E40236E4BFC40FA4D40,1581249600,2.6263975856672794,1.6652476526022755,2020-02-09 12:00:00
606,0101000020E6100000D86C3D4C9E563E40236E4BFC40FA4D40,1581354000,2.662800760279644,1.2532665941442376,2020-02-10 17:00:00
607,0101000020E6100000D86C3D4C9E563E407AB3D8B484F74D40,1581199200,1.7790631773910524,2.9346550976707357,2020-02-08 22:00:00
608,0101000020E6100000D86C3D4C9E563E408F79686EE1024E40,1582239600,1.7709089340789472,1.8234088742685737,2020-02-20 23:00:00
609,0101000020E6100000D86C3D4C9E563E40BE7BD74EA5F54D40,1580677200,3.5356433812288683,2.1111735019431674,2020-02-02 21:00:00
610,0101000020E6100000D86C3D4C9E563E40BE7BD74EA5F54D40,1581091200,4.887554829978549,0.4322089968309824,2020-02-07 16:00:00
611,0101000020E6100000D86C3D4C9E563E40BE7BD74EA5F54D40,1581242400,2.4965790221844655,1.0027405323726073,2020-02-09 10:00:00
612,0101000020E6100000D86C3D4C9E563E40BE7BD74EA5F54D40,1581361200,4.458374048293256,0.12148508533376384,2020-02-10 19:00:00
613,0101000020E6100000D86C3D4C9E563E40BE7BD74EA5F54D40,1581537600,4.15911129350001,0.20217990026238467,2020-02-12 20:00:00
614,0101000020E6100000D86C3D4C9E563E40BE7BD74EA5F54D40,1581789600,4.481637604413456,0.7850617801228971,2020-02-15 18:00:00
615,0101000020E6100000D86C3D4C9E563E40BE7BD74EA5F54D40,1582477200,4.453850583529741,2.367872298067144,2020-02-23 17:00:00
616,0101000020E6100000D86C3D4C9E563E40BE7BD74EA5F54D40,1582545600,3.0560596543866874,3.908281151668262,2020-02-24 12:00:00
617,0101000020E6100000D86C3D4C9E563E40BE7BD74EA5F54D40,1582714800,2.8460505681261408,1.459548708795026,2020-02-26 11:00:00
618,0101000020E6100000DBC1F19351543E4006FC5DE561F84D40,1581256800,4.893898914554891,0.021680277279441832,2020-02-09 14:00:00
619,0101000020E6100000DBC1F19351543E4006FC5DE561F84D40,1581973200,4.889665894410191,0.22707770419633982,2020-02-17 21:00:00
620,0101000020E6100000DBC1F19351543E4006FC5DE561F84D40,1582473600,4.879385942248149,0.43460674823660095,2020-02-23 16:00:00
621,0101000020E6100000DBC1F19351543E4006FC5DE561F84D40,1582898400,4.877619869580858,0.43512618596117075,2020-02-28 14:00:00
622,0101000020E6100000DBC1F19351543E40AE9B3931CAF54D40,1581890400,1.7371908854229081,1.8782098973439993,2020-02-16 22:00:00
623,0101000020E6100000DBC1F19351543E40AE9B3931CAF54D40,1582545600,1.7035324917585142,3.1091085928006423,2020-02-24 12:00:00
624,0101000020E6100000DBC1F19351543E40AE9B3931CAF54D40,1582747200,1.8566264266654426,3.3088905151308454,2020-02-26 20:00:00
625,0101000020E6100000DBC1F19351543E40CEB8CE2B18F84D40,1580976000,1.5193439925438035,2.9490727770966036,2020-02-06 08:00:00
626,0101000020E6100000DBC1F19351543E40CEB8CE2B18F84D40,1581861600,1.51105376873163,4.294318551427296,2020-02-16 14:00:00
627,0101000020E6100000DBC1F19351543E40DB251193A9F74D40,1580673600,4.790879964339507,1.0872992173534128,2020-02-02 20:00:00
628,0101000020E6100000DBC1F19351543E40DB251193A9F74D40,1580907600,4.661824849409589,2.861148923748104,2020-02-05 13:00:00
629,0101000020E6100000DBC1F19351543E40DB251193A9F74D40,1580947200,4.589512202347032,0.7431046366777014,2020-02-06 00:00:00
630,0101000020E6100000DBC1F19351543E40DB251193A9F74D40,1581357600,4.94500341121595,1.4266919559210707,2020-02-10 18:00:00
631,0101000020E6100000DBC1F19351543E40DB251193A9F74D40,1581537600,4.932156334484904,0.41925752658265125,2020-02-12 20:00:00
632,0101000020E6100000DBC1F19351543E40DB251193A9F74D40,1581674400,5.0330923367257325,0.19211005850595764,2020-02-14 10:00:00
633,0101000020E6100000DBC1F19351543E40DB251193A9F74D40,1581775200,5.05291119164913,0.9790571456167384,2020-02-15 14:00:00
634,0101000020E6100000DBC1F19351543E40DB251193A9F74D40,1581811200,5.052416836024573,1.37510094464851,2020-02-16 00:00:00
635,0101000020E6100000DBC1F19351543E40DB251193A9F74D40,1581951600,5.08315745703754,0.573824943967483,2020-02-17 15:00:00
636,0101000020E6100000DBC1F19351543E40DB251193A9F74D40,1582574400,5.1324683925922425,0.02580987985886788,2020-02-24 20:00:00
637,0101000020E6100000DBC1F19351543E40DB251193A9F74D40,1582657200,5.16271880642592,0.7432675180367955,2020-02-25 19:00:00
638,0101000020E6100000DBC1F19351543E40DB251193A9F74D40,1582668000,5.160522358821456,0.03110583535154297,2020-02-25 22:00:00
639,0101000020E6100000DBC1F19351543E40DB251193A9F74D40,1582725600,5.147611924123048,0.3598538707232727,2020-02-26 14:00:00
640,0101000020E6100000DBC1F19351543E40DB251193A9F74D40,1582819200,5.171751875777959,0.3535065424899232,2020-02-27 16:00:00
641,0101000020E6100000DF16A6DB04523E40477640AC8AFA4D40,1582455600,1.5123397338293716,4.951043802315001,2020-02-23 11:00:00
642,0101000020E6100000E451FE84CC2D3E4021743A2748FE4D40,1580922000,2.869588707164228,0.742409979352434,2020-02-05 17:00:00
643,0101000020E6100000E451FE84CC2D3E4021743A2748FE4D40,1581012000,2.869776937763153,1.4392139709144605,2020-02-06 18:00:00
644,0101000020E6100000E451FE84CC2D3E4021743A2748FE4D40,1581116400,2.8698278382179314,1.0907177497190224,2020-02-07 23:00:00
645,0101000020E6100000E451FE84CC2D3E4021743A2748FE4D40,1582552800,2.8698271660265027,0.7422651995182296,2020-02-24 14:00:00
646,0101000020E6100000E451FE84CC2D3E403AAA977194EE4D40,1581001200,0.7097953297435546,6.0442841626000465,2020-02-06 15:00:00
647,0101000020E6100000E56B5A23B84F3E40236E4BFC40FA4D40,1582812000,1.6315161224095582,2.6775609616034335,2020-02-27 14:00:00
648,0101000020E6100000E56B5A23B84F3E40236E4BFC40FA4D40,1582920000,1.631516122409555,2.677560961603441,2020-02-28 20:00:00
649,0101000020E6100000E56B5A23B84F3E40A3B9475FB1FB4D40,1580590800,3.8788815912787085,0.5468376280138125,2020-02-01 21:00:00
650,0101000020E6100000E56B5A23B84F3E40A3B9475FB1FB4D40,1580742000,6.466497735087418,0.07214070957702293,2020-02-03 15:00:00
651,0101000020E6100000E56B5A23B84F3E40A3B9475FB1FB4D40,1580943600,1.317744212546635,4.3121083237178475,2020-02-05 23:00:00
652,0101000020E6100000E56B5A23B84F3E40A3B9475FB1FB4D40,1581004800,5.418121117702351,0.10739495660156168,2020-02-06 16:00:00
653,0101000020E6100000E56B5A23B84F3E40A3B9475FB1FB4D40,1581030000,2.174034073762283,3.599743914176313,2020-02-06 23:00:00
654,0101000020E6100000E56B5A23B84F3E40A3B9475FB1FB4D40,1581098400,4.5464538944936645,2.0793229899363515,2020-02-07 18:00:00
655,0101000020E6100000E56B5A23B84F3E40A3B9475FB1FB4D40,1581184800,4.60712746154946,0.3023299333641817,2020-02-08 18:00:00
656,0101000020E6100000E56B5A23B84F3E40A3B9475FB1FB4D40,1581505200,3.7230383975224455,0.34298910355781687,2020-02-12 11:00:00
657,0101000020E6100000E56B5A23B84F3E40A3B9475FB1FB4D40,1581796800,2.85824123616084,1.099193001658299,2020-02-15 20:00:00
658,0101000020E6100000E56B5A23B84F3E40A3B9475FB1FB4D40,1582034400,4.61420974768207,0.5170528395499192,2020-02-18 14:00:00
659,0101000020E6100000E56B5A23B84F3E40A3B9475FB1FB4D40,1582228800,2.9157499711179895,1.7437194818637176,2020-02-20 20:00:00
660,0101000020E6100000E56B5A23B84F3E40A3B9475FB1FB4D40,1582232400,2.3973678966083463,1.919868915364715,2020-02-20 21:00:00
661,0101000020E6100000E56B5A23B84F3E40A3B9475FB1FB4D40,1582236000,2.157126345629665,1.317898536694428,2020-02-20 22:00:00
662,0101000020E6100000E56B5A23B84F3E40A3B9475FB1FB4D40,1582470000,4.763457408566092,0.049657753002794826,2020-02-23 15:00:00
663,0101000020E6100000E56B5A23B84F3E40A3B9475FB1FB4D40,1582574400,2.8347251088139633,0.7638394581730636,2020-02-24 20:00:00
664,0101000020E6100000E56B5A23B84F3E40A3B9475FB1FB4D40,1582578000,2.212025220410172,1.2603720580875017,2020-02-24 21:00:00
665,0101000020E6100000E56B5A23B84F3E40A3B9475FB1FB4D40,1582891200,3.981437605784964,0.5069933511659451,2020-02-28 12:00:00
666,0101000020E6100000E56B5A23B84F3E40A3B9475FB1FB4D40,1583020800,1.5690885764483211,2.1865632540118605,2020-03-01 00:00:00
667,0101000020E6100000EC15C3B21E4B3E406379569882F64D40,1582758000,1.988058844004336,1.5150160997895967,2020-02-26 23:00:00
668,0101000020E6100000EC15C3B21E4B3E407916A554F5F84D40,1581616800,0.9987684286569481,4.006165449906681,2020-02-13 18:00:00
669,0101000020E6100000EC15C3B21E4B3E407AB3D8B484F74D40,1580666400,4.404223966970861,0.3623285384659225,2020-02-02 18:00:00
670,0101000020E6100000EC15C3B21E4B3E407AB3D8B484F74D40,1581022800,3.187961580221226,1.5094405307873398,2020-02-06 21:00:00
671,0101000020E6100000EC15C3B21E4B3E407AB3D8B484F74D40,1581498000,3.979282691250251,0.5078094384178723,2020-02-12 09:00:00
672,0101000020E6100000EC15C3B21E4B3E407AB3D8B484F74D40,1581782400,5.045271811075117,0.1892322603569373,2020-02-15 16:00:00
673,0101000020E6100000EC15C3B21E4B3E407AB3D8B484F74D40,1581876000,4.197430482137541,0.19120495771826346,2020-02-16 18:00:00
674,0101000020E6100000EC15C3B21E4B3E407AB3D8B484F74D40,1581937200,4.508935367641566,0.10890921965361613,2020-02-17 11:00:00
675,0101000020E6100000EC15C3B21E4B3E407AB3D8B484F74D40,1581944400,4.830666949295734,0.2420645146887519,2020-02-17 13:00:00
676,0101000020E6100000EC15C3B21E4B3E407AB3D8B484F74D40,1582142400,3.708460862077189,0.3482682401020116,2020-02-19 20:00:00
677,0101000020E6100000EC15C3B21E4B3E407AB3D8B484F74D40,1582459200,4.616579826742488,0.5162740086180382,2020-02-23 12:00:00
678,0101000020E6100000EC15C3B21E4B3E408EC13E307EF44D40,1581724800,0.5137271811130951,22.358701741261857,2020-02-15 00:00:00
679,0101000020E6100000EC2F1F510A6D3E4058AA511532F34D40,1580569200,5.104950406939357,0.7629945998625081,2020-02-01 15:00:00
680,0101000020E6100000EC2F1F510A6D3E4058AA511532F34D40,1580598000,5.144167390244296,0.7495542654906864,2020-02-01 23:00:00
681,0101000020E6100000EC2F1F510A6D3E4058AA511532F34D40,1580652000,4.629186930758579,1.1602065653376654,2020-02-02 14:00:00
682,0101000020E6100000EC2F1F510A6D3E4058AA511532F34D40,1580713200,4.414086075469096,0.5858322380485279,2020-02-03 07:00:00
683,0101000020E6100000EC2F1F510A6D3E4058AA511532F34D40,1580742000,4.647723042643494,2.4425459204857547,2020-02-03 15:00:00
684,0101000020E6100000EC2F1F510A6D3E4058AA511532F34D40,1581105600,4.634706906556747,1.8049238629542728,2020-02-07 20:00:00
685,0101000020E6100000EC2F1F510A6D3E4058AA511532F34D40,1581278400,4.629841644243956,2.0238615217877873,2020-02-09 20:00:00
686,0101000020E6100000EC2F1F510A6D3E4058AA511532F34D40,1581292800,4.629945284661062,0.9438674642261675,2020-02-10 00:00:00
687,0101000020E6100000EC2F1F510A6D3E4058AA511532F34D40,1581422400,4.631714615255519,2.8862498006058583,2020-02-11 12:00:00
688,0101000020E6100000EC2F1F510A6D3E4058AA511532F34D40,1581638400,4.631782984947827,1.1589957976221206,2020-02-14 00:00:00
689,0101000020E6100000EC2F1F510A6D3E4058AA511532F34D40,1581692400,4.631713340566425,1.8067367395431675,2020-02-14 15:00:00
690,0101000020E6100000EC2F1F510A6D3E4058AA511532F34D40,1582059600,4.631730117280558,1.374922485004041,2020-02-18 21:00:00
691,0101000020E6100000EC2F1F510A6D3E4058AA511532F34D40,1582239600,4.631731942666648,0.7272156720265904,2020-02-20 23:00:00
692,0101000020E6100000EC2F1F510A6D3E4058AA511532F34D40,1582282800,4.631731593058672,1.8067256788978026,2020-02-21 11:00:00
693,0101000020E6100000EC2F1F510A6D3E4058AA511532F34D40,1582470000,4.631731685436814,0.943117738943727,2020-02-23 15:00:00
694,0101000020E6100000EC2F1F510A6D3E4058AA511532F34D40,1582833600,4.631731630828193,2.454431576628084,2020-02-27 20:00:00
695,0101000020E6100000EC2F1F510A6D3E4058AA511532F34D40,1582920000,4.631731630601625,1.5908236825977966,2020-02-28 20:00:00
696,0101000020E6100000F26A77FAD1483E407916A554F5F84D40,1581872400,0.6470877337827716,8.272312990581598,2020-02-16 17:00:00
697,0101000020E6100000F5A5CFA399243E400B9A5B3306034E40,1581325200,1.1834831010722742,4.069780882011585,2020-02-10 09:00:00
698,0101000020E6100000F5BF2B4285463E401AD725FD56F34D40,1582394400,1.8156906600149991,2.3045276555811745,2020-02-22 18:00:00
699,0101000020E6100000F914E08938443E407916A554F5F84D40,1580925600,3.3675981069664824,1.0786328349333731,2020-02-05 18:00:00
700,0101000020E6100000F914E08938443E407916A554F5F84D40,1581282000,2.5060151480145416,2.1923190912625636,2020-02-09 21:00:00
701,0101000020E6100000F914E08938443E407916A554F5F84D40,1581346800,2.614978240767996,2.4417112386207767,2020-02-10 15:00:00
702,0101000020E6100000F914E08938443E407916A554F5F84D40,1581429600,2.3456298745666024,1.984273041497383,2020-02-11 14:00:00
703,0101000020E6100000F914E08938443E407916A554F5F84D40,1581775200,2.203989336668072,1.7223362201337271,2020-02-15 14:00:00
704,0101000020E6100000F914E08938443E407916A554F5F84D40,1582117200,1.948768394306071,6.1840245566919725,2020-02-19 13:00:00
705,0101000020E6100000F914E08938443E407916A554F5F84D40,1582743600,2.051917276383741,2.8987926521575194,2020-02-26 19:00:00
706,0101000020E6100000F914E08938443E407916A554F5F84D40,1582912800,2.033792226474987,1.45846155517376,2020-02-28 18:00:00
707,0101000020E6100000F914E08938443E407916A554F5F84D40,1582984800,1.9096542660638622,2.141929985246528,2020-02-29 14:00:00
708,0101000020E6100000F92E3C2824663E40134E7A7396014E40,1582822800,0.7718810431452625,6.773218494330665,2020-02-27 17:00:00
